url,host,target,category,trust_tier,source,date,title,status,notes
https://anotepad.com/notes/5246g357,anotepad.com,Zazie Productions,"Spam, Scraper, Syndication, SEO-Poisoning & Low-Trust",D,link_dump,,,verified,"[LOWTRUST PASTE-REPUB/FABRICATED-ATTRIB] Paste-essay attributing invented ""Dr. Oliver K. Thornton, PhD, Univ. of Cambridge"" + non-existent journals (The Journal of Experimental Sound and Emotion 2023, QPA/SFM theories). Auto-generated or persona fiction; treat biographical claims as void."
https://app.notion.com/p/18c89e259c3c813baf39c100d3f2fe69?pvs=21,app.notion.com,Zazie Productions,"Community, Wiki & Fan Indexes",C,link_dump,,,unverified,
https://app.notion.com/p/In-Your-Eyes-E-Zine-19989e259c3c8057bf81d66c6ab9903c?pvs=21,app.notion.com,Zazie Productions,"Community, Wiki & Fan Indexes",C,link_dump,,,unverified,
https://breezewiki.com/aesthetics/wiki/Analog_Horror,breezewiki.com,Zazie Productions,"Community, Wiki & Fan Indexes",C,research,,Analog Horror | Aesthetics Wiki (breezewiki mirror),unverified,Fandom wiki mirror citing Zazie Productions; found via Marginalia
https://www.clongclongmoo.org/category/locate/chile/,clongclongmoo.org,Zazie Productions,"Community, Wiki & Fan Indexes",C,link_dump,,,unverified,
https://commie.io/#fjZr3dSA,commie.io,Zazie Productions,"Community, Wiki & Fan Indexes",C,link_dump,,,unverified,
https://www.coolmindmaps.com/?action=mindmap&question=What%20software%20does%20Zazie%20Productions%20use?&code=a55a7843e7bdc9df6d4db4d3e16f2cf0,coolmindmaps.com,Zazie Productions,"Community, Wiki & Fan Indexes",C,link_dump,,,unverified,
https://forums.stevehoffman.tv/threads/has-anyone-here-heard-about-so-called-outsider-music.1162267/page-7,forums.stevehoffman.tv,Zazie Productions,"Community, Wiki & Fan Indexes",C,link_dump,,,unverified,
https://gms.purwana.net/?devid=zazieproductions,gms.purwana.net,Zazie Productions,"Community, Wiki & Fan Indexes",C,link_dump,,,unverified,
https://icebergcharts.com/i/Animated_Movies,icebergcharts.com,Zazie Productions,"Community, Wiki & Fan Indexes",C,link_dump,,,unverified,
https://icebergcharts.com/i/Animated_Short_Films,icebergcharts.com,Zazie Productions,"Community, Wiki & Fan Indexes",C,link_dump,,,unverified,
https://icebergcharts.com/i/Earworms,icebergcharts.com,Zazie Productions,"Community, Wiki & Fan Indexes",C,link_dump,,,unverified,
https://icebergcharts.com/i/Instrumental_Music,icebergcharts.com,Zazie Productions,"Community, Wiki & Fan Indexes",C,link_dump,,,unverified,
https://www.isitagoodplaylist.com/curator/punkrockdinosaur,isitagoodplaylist.com,Zazie Productions,"Community, Wiki & Fan Indexes",C,link_dump,,,unverified,
https://www.lyrics.com/lyric-lf/16514545/Zazie+Productions/Black+Fr1day%3A+Jingle+No.+2,lyrics.com,Zazie Productions,"Community, Wiki & Fan Indexes",C,link_dump,,,unverified,
https://www.lyrics.com/lyric-lf/8858319/Zazie+Productions/Stunning+That+You%27d+Care,lyrics.com,Zazie Productions,"Community, Wiki & Fan Indexes",C,link_dump,,,unverified,
https://m.douyin.com/qishui/song/7104127023261435905,m.douyin.com,Zazie Productions,"Community, Wiki & Fan Indexes",C,link_dump,,,unverified,
https://mastodon.bida.im/@iyezine/113995823411563269,mastodon.bida.im,Zazie Productions,"Community, Wiki & Fan Indexes",C,link_dump,,,unverified,
https://www.metal-tracker.com/torrents/356412.html,metal-tracker.com,Zazie Productions,"Community, Wiki & Fan Indexes",C,link_dump,,,unverified,
https://mlx.su/paste/view/26990c6b,mlx.su,Zazie Productions,"Spam, Scraper, Syndication, SEO-Poisoning & Low-Trust",D,link_dump,,,broken,[LOWTRUST PASTE-REPUB/PASTE-REPUB] Pastebin republication (dump listed it among profile/paste material); now 410. Recorded for provenance; the underlying paste content was never captured in the dump.
https://outsider.fandom.com/wiki/List_of_outsider_musicians,outsider.fandom.com,Zazie Productions,"Community, Wiki & Fan Indexes",C,link_dump,,,unverified,
https://www.quotev.com/quiz/16626763/What-Zazie-Productions-Song-Are-You,quotev.com,Zazie Productions,"Community, Wiki & Fan Indexes",C,link_dump,,,unverified,
https://www.quotev.com/quiz/16687733/Zazie-Productions-Trivia-IMPOSSIBLE-EDITION,quotev.com,Zazie Productions,"Community, Wiki & Fan Indexes",C,link_dump,,,unverified,
https://r.darrennathanael.com/r/Album_Cover_Art/comments/1i5wjf8/zazie_productions_to_halt_space_adrift_2023/,r.darrennathanael.com,Zazie Productions,"Spam, Scraper, Syndication, SEO-Poisoning & Low-Trust",D,link_dump,,,broken,[LOWTRUST LEGACY-MIRROR/LEGACY-MIRROR] Dead old-reddit proxy mirror of a legit r/Album_Cover_Art thread; mirror itself carries no independent value.
https://www.reddit.com/r/AlbumArtPorn/s/PJYdrEGZb3,reddit.com,Zazie Productions,"Community, Wiki & Fan Indexes",C,link_dump,,,unverified,
https://www.rsssearchhub.com/feed/1185189bcc80cd02d670a3aaae58ebf3/city-portland-mercury,rsssearchhub.com,Zazie Productions,"Spam, Scraper, Syndication, SEO-Poisoning & Low-Trust",D,link_dump,,,broken,[LOWTRUST RSS-SYNDICATION/RSS-SYNDICATION] RSS feed republisher; feed page currently erroring. Flagged as suspected spam already in seed.
https://www.saidit.net/s/MUSICUNKNOWN/,saidit.net,Zazie Productions,"Community, Wiki & Fan Indexes",C,link_dump,,,unverified,
https://samples.eduwriter.ai/236649204/sonic-absurdity-and-cognitive-dissonance-how-zazie,samples.eduwriter.ai,Zazie Productions,"Community, Wiki & Fan Indexes",C,link_dump,,,unverified,
https://scrapbox.io/Mnemonic-Debris/AUTHENTICATION_OVERRIDE:_ZAZIE_PROD%2FHEXKEY::8R-VAT-I0N,scrapbox.io,Zazie Productions,"Community, Wiki & Fan Indexes",C,link_dump,,,unverified,
https://www.senscritique.com/contact/Zazie_Productions/7375565,senscritique.com,Zazie Productions,"Community, Wiki & Fan Indexes",C,link_dump,,,unverified,
https://sonicrider.nl/jazzular-element-1-thoughts-about-david-lynch-compilation-sonicrider-the-church-of-noisy-goat/,sonicrider.nl,Zazie Productions,"Community, Wiki & Fan Indexes",C,link_dump,,,unverified,
https://tiermaker.com/categories/music/zazie-productions-releases-tier-list-15405489,tiermaker.com,Zazie Productions,"Community, Wiki & Fan Indexes",C,link_dump,,,unverified,
https://www.tiktok.com/@usery..y..yulles/video/7453287097533746450,tiktok.com,Zazie Productions,"Spam, Scraper, Syndication, SEO-Poisoning & Low-Trust",D,link_dump,,,unverified,"[LOWTRUST BOT-UGC/BOT-REPOST] Spammy user handle re-posting the Phantom Requiem video; flagged under ""spam sites"" in the dump."
https://www.trendingbot.org/topic/418115_klerksdorp,trendingbot.org,Zazie Productions,"Spam, Scraper, Syndication, SEO-Poisoning & Low-Trust",D,link_dump,,,broken,[LOWTRUST RSS-SYNDICATION/AUTO-AGGREGATOR] Bot-generated topic aggregation page. Flagged in seed spam cluster.
https://tvtropes.org/pmwiki/pmwiki.php/Main/EccentricArtist,tvtropes.org,Zazie Productions,"Community, Wiki & Fan Indexes",C,link_dump,,,unverified,
https://twitter.com/Deborahdjohn/status/1890497671573520710,twitter.com,Zazie Productions,"Community, Wiki & Fan Indexes",C,link_dump,,,unverified,
https://urbanpoll.com/polls/what-best-zazie-production-masterpiece-album-poll-dtaziega,urbanpoll.com,Zazie Productions,"Community, Wiki & Fan Indexes",C,link_dump,,,unverified,
https://web-cdn.bsky.app/profile/hamiltonslive.bsky.social/post/3lifmisw6es2u,web-cdn.bsky.app,Zazie Productions,"Community, Wiki & Fan Indexes",C,link_dump,,,unverified,
https://wiki2.org/en/List_of_experimental_musicians,wiki2.org,Zazie Productions,"Community, Wiki & Fan Indexes",C,link_dump,,,unverified,
https://wikigit.org/wiki/List_of_experimental_musicians,wikigit.org,Zazie Productions,"Community, Wiki & Fan Indexes",C,link_dump,,,unverified,
https://wikimili.com/en/List_of_experimental_musicians,wikimili.com,Zazie Productions,"Community, Wiki & Fan Indexes",C,link_dump,,,unverified,
https://www.wikiwand.com/en/articles/List_of_experimental_musicians,wikiwand.com,Zazie Productions,"Community, Wiki & Fan Indexes",C,link_dump,,,unverified,
https://witch-house.com/forum/viewtopic.php?p=23018,witch-house.com,Zazie Productions,"Community, Wiki & Fan Indexes",C,link_dump,,,unverified,
https://www.tumblr.com/lezet,www.tumblr.com,Zazie Productions,"Community, Wiki & Fan Indexes",C,research,,LEZET (@lezet) on Tumblr,unverified,Tumblr blog announcing compilations featuring Zazie Productions; found via web search
https://x.com/djohnhopper/status/1895789160608514084,x.com,Zazie Productions,"Community, Wiki & Fan Indexes",C,link_dump,,,unverified,
https://xoyondo.com/ap/pwhs1p75sb8acfp,xoyondo.com,Zazie Productions,"Community, Wiki & Fan Indexes",C,link_dump,,,unverified,
https://www.artrabbit.com/people/zazie-kanwartorge/artist,artrabbit.com,Zazie Kanwar-Torge,"Film, Festivals & Exhibitions",A,link_dump,,,unverified,
https://www.concertarchives.org/concerts/flesh-eating-vinyl-and-the-smell-of-monochrome-tour-2019,concertarchives.org,Zazie Productions,"Film, Festivals & Exhibitions",A,link_dump,,,unverified,
https://www.cyberneticfutures.com/infinite-self-pavilion/artistsbios,cyberneticfutures.com,Zazie Productions,"Film, Festivals & Exhibitions",A,media_master,,,unverified,
https://expcinema.org/site/en/events/freedom-control,expcinema.org,Zazie Productions,"Film, Festivals & Exhibitions",A,media_master,,,unverified,
https://film-makerscoop.com/screenings/films-for-freedom-presented-by-the-film-makers-cooperative-a,film-makerscoop.com,Zazie Productions,"Film, Festivals & Exhibitions",A,media_master,,,unverified,
https://filmacorn.vercel.app/details/1328893,filmacorn.vercel.app,Zazie Productions,"Film, Festivals & Exhibitions",A,link_dump,,,unverified,
https://filmfreeway.com/deaf-orphans-of-streamcast,filmfreeway.com,Zazie Productions,"Film, Festivals & Exhibitions",B,research,,,unverified,FilmFreeway project page
https://filmfreeway.com/phantom-requiem-1,filmfreeway.com,Zazie Productions,"Film, Festivals & Exhibitions",B,research,,,unverified,FilmFreeway project page
https://frenchstream.tv/movie/1328893,frenchstream.tv,Zazie Productions,"Film, Festivals & Exhibitions",A,link_dump,,,unverified,
https://hdfilmcehennemi.beauty/film/phantom-requiem-2024-21328893T/,hdfilmcehennemi.beauty,Zazie Productions,"Film, Festivals & Exhibitions",A,link_dump,,,unverified,
https://www.imdb.com/name/nm17333332,imdb.com,Zazie Productions,"Film, Festivals & Exhibitions",A,link_dump,,,unverified,
https://justwatch-hd.com/tr/person/5112050#,justwatch-hd.com,Zazie Productions,"Film, Festivals & Exhibitions",A,link_dump,,,unverified,
https://www.media-match.com/usa/cv/Zazie-Productions,media-match.com,Zazie Productions,"Film, Festivals & Exhibitions",A,link_dump,,,unverified,
https://moview.janakoudelkova.cz/singlemovie.html?id=1328893,moview.janakoudelkova.cz,Zazie Productions,"Film, Festivals & Exhibitions",A,link_dump,,,unverified,
https://mycommunitycinema.org.uk/cinema/pvtv-fringe-flicks-2/,mycommunitycinema.org.uk,Zazie Productions,"Film, Festivals & Exhibitions",A,link_dump,,,unverified,
https://mycommunitycinema.org.uk/screening/fringe-flicks-kenneth-angers-lucifer-rising-1972-short-films/,mycommunitycinema.org.uk,Zazie Productions,"Film, Festivals & Exhibitions",A,link_dump,,,unverified,
https://newmediartspace.info/exhibitions/2024_ripples/,newmediartspace.info,Zazie Productions,"Film, Festivals & Exhibitions",A,link_dump,,,unverified,
https://newmediartspace.info/exhibitions/2024_ripples/sepsis.html,newmediartspace.info,Zazie Productions,"Film, Festivals & Exhibitions",A,media_master,,,unverified,
https://www.octopusmarquee.com/octomarqiff,octopusmarquee.com,Zazie Productions,"Film, Festivals & Exhibitions",A,link_dump,,,unverified,
https://pebblesunderground.art/2024awardscreening/,pebblesunderground.art,Zazie Productions,"Film, Festivals & Exhibitions",A,media_master,,,unverified,
https://pebblesunderground.art/award-winners-winter-screenings-2024/,pebblesunderground.art,Zazie Productions,"Film, Festivals & Exhibitions",A,media_master,,,unverified,
https://pebblesunderground.art/pebblesundergroundvisualcontainerbox/,pebblesunderground.art,Zazie Productions,"Film, Festivals & Exhibitions",A,media_master,,,unverified,
https://pebblesunderground.art/video/phantom-requiem/,pebblesunderground.art,Zazie Productions,"Film, Festivals & Exhibitions",A,media_master,,,unverified,
https://pelis-api.vercel.app/pelicula/1328893,pelis-api.vercel.app,Zazie Productions,"Film, Festivals & Exhibitions",A,link_dump,,,unverified,
https://pro.imdb.com/name/nm17333332/,pro.imdb.com,Zazie Productions,"Film, Festivals & Exhibitions",A,link_dump,,,unverified,
https://www.setlist.fm/setlists/zazie-productions-2bf83c62.html,setlist.fm,Zazie Productions,"Film, Festivals & Exhibitions",A,link_dump,,,unverified,
https://stayhappening.com/e/bmc-radio-artist-listening-session-E2ISU3XHU9F,stayhappening.com,Zazie Productions,"Film, Festivals & Exhibitions",A,link_dump,,,unverified,
https://thelatest.co.uk/brighton/2024/10/09/celebrate-halloween-with-our-very-spooky-film-festival/,thelatest.co.uk,Zazie Productions,"Film, Festivals & Exhibitions",A,media_master,,,unverified,
https://www.themoviedb.org/person/5112050-zazie-productions?language=ko-KR,themoviedb.org,Zazie Productions,"Film, Festivals & Exhibitions",A,link_dump,,,unverified,
https://www.thetalentmanager.com/talent/214007/zazie-productions,thetalentmanager.com,Zazie Productions,"Film, Festivals & Exhibitions",A,link_dump,,,unverified,
https://thomas-spinec.students-laplateforme.io/cinetech/movie/1328893,thomas-spinec.students-laplateforme.io,Zazie Productions,"Film, Festivals & Exhibitions",A,link_dump,,,unverified,
https://vimeo.com/1139013273,vimeo.com,Zazie Productions,"Film, Festivals & Exhibitions",A,media_master,,,unverified,
https://www.visualcontainer.tv/pebbles-underground-summer-2024-award-winners-winter-2024-award-winners/,visualcontainer.tv,Zazie Productions,"Film, Festivals & Exhibitions",A,media_master,,,unverified,
https://argalirecordsnetlabel.bandcamp.com/album/fourteenth-quarterly-report-of-argali-records-netlabel-the-great-reconnection,argalirecordsnetlabel.bandcamp.com,Zazie Productions,Music Compilations,C,research,,Fourteenth Quarterly Report of Argali Records Netlabel,unverified,Bandcamp album page crediting Zazie Productions - Pivot And Deflect
https://argalirecordsnetlabel.bandcamp.com/track/vibroscriptorium,argalirecordsnetlabel.bandcamp.com,Zazie Productions,Music Compilations,C,research,,Vibroscriptorium,unverified,Compilation track page surfaced via Marginalia search
https://argalirecordsnetlabel.com/,argalirecordsnetlabel.com,Zazie Productions,Music Compilations,C,research,,Argali Records Netlabel,unverified,Netlabel homepage naming Zazie Productions in quarterly recaps
https://arrhythniarecords.bandcamp.com/album/arrhythnia-digital-net-label-compilation-4-experimental-music-and-noise-anr122,arrhythniarecords.bandcamp.com,Zazie Productions,Music Compilations,C,link_dump,,,unverified,
https://camembertelectrique.bandcamp.com/album/icelock-continuum,camembertelectrique.bandcamp.com,Zazie Productions,Music Compilations,C,research,,ICELOCK CONTINUUM,unverified,Bandcamp netlabel album page crediting Zazie Productions - Frost Directive XIII
https://camembertelectrique.bandcamp.com/track/frost-directive-xiii-broadcast-leak-id-blzrd-741,camembertelectrique.bandcamp.com,Zazie Productions,Music Compilations,C,research,,Frost Directive XIII (Broadcast Leak ID: BLZRD-741),unverified,Camembert Electrique track page; found via Marginalia/Marginalia (slug best-effort)
https://camembertelectrique.bandcamp.com/track/grief-is-a-hot-commodity,camembertelectrique.bandcamp.com,Zazie Productions,Music Compilations,C,research,,Grief Is A Hot Commodity,unverified,Camembert Electrique track page; found via Marginalia (slug best-effort)
https://camembertelectrique.bandcamp.com/track/isochamber-drift,camembertelectrique.bandcamp.com,Zazie Productions,Music Compilations,C,research,,Isochamber Drift,unverified,Compilation track page surfaced via Marginalia search
https://christmasasaurus.bandcamp.com/,christmasasaurus.bandcamp.com,Zazie Productions,Music Compilations,C,link_dump,,,unverified,
https://deliriumpsychosis.bandcamp.com/album/digital-intifada,deliriumpsychosis.bandcamp.com,Zazie Productions,Music Compilations,C,link_dump,,,unverified,
https://www.discogs.com/master/4006543-Various-Harsh-Noise-Corpus-Vol4-International-Harsh-Noise-Compilation,discogs.com,Zazie Productions,Music Compilations,C,media_master,2025,Various Harsh Noise Corpus Vol4 International Harsh Noise Compilation,unverified,Discogs grouped master
https://www.discogs.com/release/23533040-Various-Plosives-An-Introduction-To-Ghost-Nun,discogs.com,Zazie Productions,Music Compilations,C,media_master,2022,Various Plosives An Introduction To Ghost Nun,unverified,Discogs release
https://www.discogs.com/release/27529131-Various-Harsh-Noise-Wall-Means-Fight-Back-Smash-Gay-Oppression,discogs.com,Zazie Productions,Music Compilations,C,media_master,2023,Various Harsh Noise Wall Means Fight Back Smash Gay Oppression,unverified,Discogs release
https://www.discogs.com/release/28653841-Various-Esoterrexus-A-Slithering-Black-Compilation,discogs.com,Zazie Productions,Music Compilations,C,media_master,2023,Various Esoterrexus A Slithering Black Compilation,unverified,Discogs release
https://www.discogs.com/release/28865734-Various-Shadowlands-4,discogs.com,Zazie Productions,Music Compilations,C,media_master,2023,Various Shadowlands 4,unverified,Discogs release
https://www.discogs.com/release/29280184-Various-Warm-Music-For-Cold-Weather-For-the-Muscular-Dystrophy-Association,discogs.com,Zazie Productions,Music Compilations,C,media_master,2023,Various Warm Music For Cold Weather For the Muscular Dystrophy Association,unverified,Discogs release
https://www.discogs.com/release/30238304-Various-ArrhythNia-Digital-Net-Label-Compilation-4-Experimental-Music-And-Noise,discogs.com,Zazie Productions,Music Compilations,C,media_master,2024,Various ArrhythNia Digital Net Label Compilation 4 Experimental Music And Noise,unverified,Discogs release
https://www.discogs.com/release/32706429-Various-42-Seconds-7,discogs.com,Zazie Productions,Music Compilations,C,media_master,2024,Various 42 Seconds 7,unverified,Discogs release
https://www.discogs.com/release/32869101-Various-LSD100,discogs.com,Zazie Productions,Music Compilations,C,media_master,2025,Various LSD100,unverified,Discogs release
https://www.discogs.com/release/33220155-Various-Who-Is-The-Dreamer-A-Tribute-To-David-Lynch,discogs.com,Zazie Productions,Music Compilations,C,media_master,2025,Various Who Is The Dreamer A Tribute To David Lynch,unverified,Discogs release
https://www.discogs.com/release/33603147-Various-Christmasasaurus-Unleashed,discogs.com,Zazie Productions,Music Compilations,C,media_master,2023,Various Christmasasaurus Unleashed,unverified,Discogs release
https://www.discogs.com/release/33641268-Various-Thirteenth-Quarterly-Report-Of-Argali-Records-Netlabel-%C3%86ther-Corruption,discogs.com,Zazie Productions,Music Compilations,C,media_master,2025,Various Thirteenth Quarterly Report Of Argali Records Netlabel Æther Corruption,unverified,Discogs release
https://www.discogs.com/release/33707496-Divergent-Artists-77,discogs.com,Zazie Productions,Music Compilations,C,media_master,2025,Divergent Artists 77,unverified,Discogs release
https://www.discogs.com/release/33736134-Various-Solidarity-A-Benefit-Compilation-for-the-ACLU,discogs.com,Zazie Productions,Music Compilations,C,media_master,2025,Various Solidarity A Benefit Compilation for the ACLU,unverified,Discogs release
https://www.discogs.com/release/33883035-Various-Exquisite-Tones-For-Oozing-Ears-Vol-II,discogs.com,Zazie Productions,Music Compilations,C,media_master,2025,Various Exquisite Tones For Oozing Ears Vol II,unverified,Discogs release
https://www.discogs.com/release/33889353-Various-Toxic-T,discogs.com,Zazie Productions,Music Compilations,C,media_master,2025,Various Toxic T,unverified,Discogs release
https://www.discogs.com/release/33890583-Various-Dissonance-Index-Vol-1,discogs.com,Zazie Productions,Music Compilations,C,media_master,2025,Various Dissonance Index Vol 1,unverified,Discogs release
https://www.discogs.com/release/34073494-Various-Synthetic-Dystopia,discogs.com,Zazie Productions,Music Compilations,C,media_master,2025,Various Synthetic Dystopia,unverified,Discogs release
https://www.discogs.com/release/34128706-Various-Beyond-The-Body,discogs.com,Zazie Productions,Music Compilations,C,media_master,2025,Various Beyond The Body,unverified,Discogs release
https://www.discogs.com/release/34149232-Various-DOSTOIVSKI,discogs.com,Zazie Productions,Music Compilations,C,media_master,2025,Various DOSTOIVSKI,unverified,Discogs release
https://www.discogs.com/release/34195165-Various-LSD666,discogs.com,Zazie Productions,Music Compilations,C,media_master,2025,Various LSD666,unverified,Discogs release
https://www.discogs.com/release/34207969-Various-Fourteenth-Quarterly-Report-Of-Argali-Records-Netlabel-The-Great-Reconnection,discogs.com,Zazie Productions,Music Compilations,C,media_master,2025,Various Fourteenth Quarterly Report Of Argali Records Netlabel The Great Reconnection,unverified,Discogs release
https://www.discogs.com/release/34647799-Various-Ju-On-%E5%91%AA%E6%80%A8-The-Music-Compilation,discogs.com,Zazie Productions,Music Compilations,C,media_master,2025,Various Ju On 呪怨 The Music Compilation,unverified,Discogs release
https://www.discogs.com/release/34708917-Various-Make-a-Change-A-Compilation-of-Skankin-Pickle-Covers,discogs.com,Zazie Productions,Music Compilations,C,media_master,2025,Various Make a Change A Compilation of Skankin Pickle Covers,unverified,Discogs release
https://www.discogs.com/release/34846487-Various-NYOTGRINDER-NOISE-COMPILATION-vol2,discogs.com,Zazie Productions,Music Compilations,C,media_master,2025,Various NYOTGRINDER NOISE COMPILATION vol2,unverified,Discogs release
https://www.discogs.com/release/34852574-Various-Kosmische-L%E1%B4%A7%C3%ABm-Volume-001,discogs.com,Zazie Productions,Music Compilations,C,media_master,2025,Various Kosmische Lᴧëm Volume 001,unverified,Discogs release
https://www.discogs.com/release/34981730-Various-1985,discogs.com,Zazie Productions,Music Compilations,C,media_master,2025,Various 1985,unverified,Discogs release
https://www.discogs.com/release/35109107-TSHN-Productions-StonewallNoisewall-Volume-1,discogs.com,Zazie Productions,Music Compilations,C,media_master,2025,TSHN Productions StonewallNoisewall Volume 1,unverified,Discogs release
https://www.discogs.com/release/35511685-Various-Vampires-A-Sounds-For-The-Soul-Compilation,discogs.com,Zazie Productions,Music Compilations,C,media_master,2025,Various Vampires A Sounds For The Soul Compilation,unverified,Discogs release
https://www.discogs.com/release/35531737-Various-Experiments-on-the-Witch-House,discogs.com,Zazie Productions,Music Compilations,C,media_master,2025,Various Experiments on the Witch House,unverified,Discogs release
https://www.discogs.com/release/35567218-Various-Thinning-Veil-Compilation,discogs.com,Zazie Productions,Music Compilations,C,media_master,2025,Various Thinning Veil Compilation,unverified,Discogs release
https://www.discogs.com/release/35645056-EFSPACM-One-String,discogs.com,Zazie Productions,Music Compilations,C,media_master,2025,EFSPACM One String,unverified,Discogs release
https://www.discogs.com/release/35667886-Various-Aspirin-Age-Vol-5-A-Shoegaze-Compilation,discogs.com,Zazie Productions,Music Compilations,C,media_master,2025,Various Aspirin Age Vol 5 A Shoegaze Compilation,unverified,Discogs release
https://www.discogs.com/release/35696575-Various-1-Year-Anniversary,discogs.com,Zazie Productions,Music Compilations,C,media_master,2025,Various 1 Year Anniversary,unverified,Discogs release
https://www.discogs.com/release/35745076-Various-One-World,discogs.com,Zazie Productions,Music Compilations,C,media_master,2025,Various One World,unverified,Discogs release
https://www.discogs.com/release/35850694-Various-Noisembryowl-5,discogs.com,Zazie Productions,Music Compilations,C,media_master,2025,Various Noisembryowl 5,unverified,Discogs release
https://www.discogs.com/release/35943793-Various-Sixteenth-Quarterly-Report-Our-Just-Desserts,discogs.com,Zazie Productions,Music Compilations,C,media_master,2025,Various Sixteenth Quarterly Report Our Just Desserts,unverified,Discogs release
https://www.discogs.com/release/36016036-Various-Icelock-Continuum,discogs.com,Zazie Productions,Music Compilations,C,media_master,2025,Various Icelock Continuum,unverified,Discogs release
https://www.discogs.com/release/36147124-Various-Harsh-Noise-Corpus-Vol5,discogs.com,Zazie Productions,Music Compilations,C,media_master,2026,Various Harsh Noise Corpus Vol5,unverified,Discogs release
https://www.discogs.com/release/36241024-Various-Two-Years,discogs.com,Zazie Productions,Music Compilations,C,media_master,2026,Various Two Years,unverified,Discogs release
https://www.discogs.com/release/36350866-Various-Frida-Kahlo,discogs.com,Zazie Productions,Music Compilations,C,media_master,2026,Various Frida Kahlo,unverified,Discogs release
https://www.discogs.com/release/36381970-Various-Tavern-Synth-Vol-II,discogs.com,Zazie Productions,Music Compilations,C,media_master,2025,Various Tavern Synth Vol II,unverified,Discogs release
https://www.discogs.com/release/36430204-Various-Summoning-1,discogs.com,Zazie Productions,Music Compilations,C,media_master,2026,Various Summoning 1,unverified,Discogs release
https://www.discogs.com/release/36641662-Various-Noise-Around-The-World-14,discogs.com,Zazie Productions,Music Compilations,C,media_master,2026,Various Noise Around The World 14,unverified,Discogs release
https://www.discogs.com/release/36690658-Various-Psych-Against-Cancer-Vol-3-Part-2-,discogs.com,Zazie Productions,Music Compilations,C,media_master,2026,Various Psych Against Cancer Vol 3 Part 2,unverified,Discogs release
https://www.discogs.com/release/36703675-Various-Twenty-Three-Seconds-Ov-Time-Volume-15--Thee-Awakening-,discogs.com,Zazie Productions,Music Compilations,C,media_master,2026,Various Twenty Three Seconds Ov Time Volume 15 Thee Awakening,unverified,Discogs release
https://www.discogs.com/release/36836716-Various-SHARDS--Vol-1,discogs.com,Zazie Productions,Music Compilations,C,media_master,2026,Various SHARDS Vol 1,unverified,Discogs release
https://www.discogs.com/release/36906384-Various-Music-Inspired-By-Mulholland-Drive,discogs.com,Zazie Productions,Music Compilations,C,media_master,2026,Various Music Inspired By Mulholland Drive,unverified,Discogs release
https://www.discogs.com/release/36959898-Various-Summoning-2,discogs.com,Zazie Productions,Music Compilations,C,media_master,2026,Various Summoning 2,unverified,Discogs release
https://www.discogs.com/release/36973218-Various-Frequ%C3%AAncias-Cadav%C3%A9ricas-Volume-I-Compila%C3%A7%C3%A3o,discogs.com,Zazie Productions,Music Compilations,C,media_master,2026,Various Frequências Cadavéricas Volume I Compilação,unverified,Discogs release
https://www.discogs.com/release/37181856-Various-Field-Recording-Vol-3,discogs.com,Zazie Productions,Music Compilations,C,media_master,2026,Various Field Recording Vol 3,unverified,Discogs release
https://www.discogs.com/release/37333392-Various-Late-Night-Love-Letters,discogs.com,Zazie Productions,Music Compilations,C,media_master,2025,Various Late Night Love Letters,unverified,Discogs release
https://www.discogs.com/release/37511712-Various-Its-Only-HNW-But-I-Like-It-IX,discogs.com,Zazie Productions,Music Compilations,C,media_master,2026,Various Its Only HNW But I Like It IX,unverified,Discogs release
https://www.discogs.com/release/37565460-Various-Summoning-3,discogs.com,Zazie Productions,Music Compilations,C,media_master,2026,Various Summoning 3,unverified,Discogs release
https://www.discogs.com/release/37644762-Various-Field-Recording-Vol-4,discogs.com,Zazie Productions,Music Compilations,C,media_master,2026,Various Field Recording Vol 4,unverified,Discogs release
https://www.discogs.com/release/37767543-Various-Echoes-Of-Ancient-Wrath,discogs.com,Zazie Productions,Music Compilations,C,media_master,2025,Various Echoes Of Ancient Wrath,unverified,Discogs release
https://www.discogs.com/release/37824543-Various-Ecstatic-Feedback-II-A-Terminal-Future-Industries-Compilation,discogs.com,Zazie Productions,Music Compilations,C,media_master,2026,Various Ecstatic Feedback II A Terminal Future Industries Compilation,unverified,Discogs release
https://www.discogs.com/release/37900812-VA-I-Want-To-Believe-X-files-Tribute,discogs.com,Zazie Productions,Music Compilations,C,media_master,2026,VA I Want To Believe X files Tribute,unverified,Discogs release
https://www.discogs.com/release/38101452-Various-HP-Lovecrafts-Whisperer-In-Darkness,discogs.com,Zazie Productions,Music Compilations,C,media_master,2026,Various HP Lovecrafts Whisperer In Darkness,unverified,Discogs release
https://www.discogs.com/release/38101530-Various-Arboreal-Telegraph,discogs.com,Zazie Productions,Music Compilations,C,media_master,,Various Arboreal Telegraph,unverified,Discogs release
https://graverobbedrecords.bandcamp.com/,graverobbedrecords.bandcamp.com,Zazie Productions,Music Compilations,C,link_dump,,,unverified,
https://ifarmusiqueconcretecompilation.bandcamp.com/album/los-valses-siderales,ifarmusiqueconcretecompilation.bandcamp.com,Zazie Productions,Music Compilations,C,link_dump,,,unverified,
https://ifarmusiqueconcretecompilation.bandcamp.com/track/liquid-phosphorus,ifarmusiqueconcretecompilation.bandcamp.com,Zazie Productions,Music Compilations,C,research,,Liquid Phosphorus,unverified,Compilation track page surfaced via Marginalia search
https://ifarmusiqueconcretecompilation.bandcamp.com/track/movimiento-diez-oscillographia,ifarmusiqueconcretecompilation.bandcamp.com,Zazie Productions,Music Compilations,C,research,,movimiento diez 'Oscillographia',unverified,Institute For Alien Research track page (confirmed URL); found via Marginalia
https://ingrown.bandcamp.com/album/14-years-100-releases-compilation,ingrown.bandcamp.com,Zazie Productions,Music Compilations,C,link_dump,,,unverified,
https://lessthanone.bandcamp.com/track/pivot-and-deflect,lessthanone.bandcamp.com,Zazie Productions,Music Compilations,C,link_dump,,,unverified,
https://loudsilencedigital.bandcamp.com/album/lsd100,loudsilencedigital.bandcamp.com,Zazie Productions,Music Compilations,C,link_dump,,,unverified,
https://moonmusiq.bandcamp.com/album/untitled,moonmusiq.bandcamp.com,Zazie Productions,Music Compilations,C,link_dump,,,unverified,
https://onedoneproject.bandcamp.com/album/365,onedoneproject.bandcamp.com,Zazie Productions,Music Compilations,C,link_dump,,,unverified,
https://owlripperrecordings.bandcamp.com/album/comp27-shadowlands-4,owlripperrecordings.bandcamp.com,Zazie Productions,Music Compilations,C,link_dump,,,unverified,
https://petroglyphmusic.bandcamp.com/track/zazie-productions-moving-in-perpetual-slumber,petroglyphmusic.bandcamp.com,Zazie Productions,Music Compilations,C,research,,Zazie Productions Moving In Perpetual Slumber,unverified,Compilation track page surfaced via Marginalia search
https://pushtoeject.bandcamp.com/album/songs-to-kill-transphobes-to,pushtoeject.bandcamp.com,Zazie Productions,Music Compilations,C,link_dump,,,unverified,
https://rateyourmusic.com/release/comp/various-artists/warm-music-for-cold-weather-for-the-muscular-dystrophy-association/,rateyourmusic.com,Zazie Productions,Music Compilations,C,link_dump,,,unverified,
https://slitheringblackrecords.bandcamp.com/,slitheringblackrecords.bandcamp.com,Zazie Productions,Music Compilations,C,link_dump,,,unverified,
https://soundcloud.com/spirit-of-possibility/sets/kosmische-l-m-volume-001?ref=clipboard&p=a&c=1&si=25e29b7bdac24771b474c1bdce000afb&utm_source=clipboard&utm_medium=text&utm_campaign=social_sharing,soundcloud.com,Zazie Productions,Music Compilations,C,link_dump,,,unverified,
https://thechurchofnoisygoat.bandcamp.com/album/synthetic-dystopia,thechurchofnoisygoat.bandcamp.com,Zazie Productions,Music Compilations,C,link_dump,,,unverified,
https://thechurchofnoisygoat.bandcamp.com/album/synthetic-dystopia?fbclid=IwQ0xDSwKgb3tleHRuA2FlbQIxMQABHpL0WjXcy2ukM3NEIOxikggYulJUFbnHv76JsrXzy9szuGlt8PVf7KoFQwTK_aem_pM4TRpPuSUjfWUHgyfUA4Q,thechurchofnoisygoat.bandcamp.com,Zazie Productions,Music Compilations,C,link_dump,,,unverified,
https://thechurchofnoisygoat.bandcamp.com/track/zazie-productions-post-carbon-signal-rot-comunion-v23,thechurchofnoisygoat.bandcamp.com,Zazie Productions,Music Compilations,C,research,,Post-Carbon Signal Rot - Comunion V.2.3,unverified,The Church of Noisy Goat track page; found via Marginalia (slug best-effort)
https://thechurchofnoisygoat.bandcamp.com/track/zazie-productions-slippage-beneath-the-hyperlink,thechurchofnoisygoat.bandcamp.com,Zazie Productions,Music Compilations,C,research,,Zazie Productions Slippage Beneath The Hyperlink,unverified,Compilation track page surfaced via Marginalia search
https://utopiadistrict.bandcamp.com/album/late-night-love-letters,utopiadistrict.bandcamp.com,Zazie Productions,Music Compilations,C,link_dump,,,unverified,
https://voidstarproductions.bandcamp.com/album/solidarity-phase-ii-a-benefit-compilation-for-the-aclu,voidstarproductions.bandcamp.com,Zazie Productions,Music Compilations,C,link_dump,,,unverified,
https://xn--sraphits-sraphta-bqbj3h5m.weebly.com/blog/42-seconds-7-compilation-on-owlripper-recordings,xn--sraphits-sraphta-bqbj3h5m.weebly.com,Zazie Productions,Music Compilations,C,link_dump,,,unverified,
https://horror.zazieproductions.com,horror.zazieproductions.com,Zazie Productions,Official Properties & Channels,B,link_dump,,,unverified,
https://youtu.be/J9q7lgaz5-o?si=GFmMtYHpV8eIps4Z,youtu.be,Zazie Productions,Official Properties & Channels,B,link_dump,,,unverified,
https://youtu.be/qTFV8IoF3X4?si=7spslQnFx0RAZzYV,youtu.be,Zazie Productions,Official Properties & Channels,B,link_dump,,,unverified,
https://www.youtube.com/watch?v=7fR5Ps12xvs,youtube.com,Zazie Productions,Official Properties & Channels,B,link_dump,,,unverified,
https://youtube.com/@zazieproductions?si=T9Zc5jsMttuG3n-e,youtube.com,Zazie Productions,Official Properties & Channels,B,link_dump,,,unverified,
https://zazieproductions.bandcamp.com,zazieproductions.bandcamp.com,Zazie Productions,Official Properties & Channels,B,link_dump,,,unverified,
https://zazieproductions.bandcamp.com/album/a-long-way-to-nowhere,zazieproductions.bandcamp.com,Zazie Productions,Official Properties & Channels,B,research,,A Long Way To Nowhere,unverified,Bandcamp release page (official discography)
https://zazieproductions.bandcamp.com/album/anesthesia-for-the-signal-age,zazieproductions.bandcamp.com,Zazie Productions,Official Properties & Channels,B,research,,Anesthesia For The Signal Age,unverified,Bandcamp release page (official discography)
https://zazieproductions.bandcamp.com/album/anything-can-happen-on-an-electric-day,zazieproductions.bandcamp.com,Zazie Productions,Official Properties & Channels,B,research,,Anything Can Happen On An Electric Day,unverified,Bandcamp release page (official discography)
https://zazieproductions.bandcamp.com/album/constrained-capacity,zazieproductions.bandcamp.com,Zazie Productions,Official Properties & Channels,B,research,,Constrained Capacity,unverified,Bandcamp release page (official discography)
https://zazieproductions.bandcamp.com/album/distant-bells-for-surgical-minds,zazieproductions.bandcamp.com,Zazie Productions,Official Properties & Channels,B,research,,Distant Bells For Surgical Minds,unverified,Bandcamp release page (official discography)
https://zazieproductions.bandcamp.com/album/g7e-torpedo,zazieproductions.bandcamp.com,Zazie Productions,Official Properties & Channels,B,research,,G7E Torpedo,unverified,Bandcamp release page (official discography)
https://zazieproductions.bandcamp.com/album/greetings-from-tinsel-time,zazieproductions.bandcamp.com,Zazie Productions,Official Properties & Channels,B,research,,Greetings From Tinsel Time,unverified,Bandcamp release page (official discography)
https://zazieproductions.bandcamp.com/album/greetings-from-tinsel-time-super-deluxe-edition,zazieproductions.bandcamp.com,Zazie Productions,Official Properties & Channels,B,research,,Greetings From Tinsel Time Super Deluxe Edition,unverified,Bandcamp release page (official discography)
https://zazieproductions.bandcamp.com/album/interference-archive-01010101,zazieproductions.bandcamp.com,Zazie Productions,Official Properties & Channels,B,research,,Interference Archive 01010101,unverified,Bandcamp release page (official discography)
https://zazieproductions.bandcamp.com/album/sellotape,zazieproductions.bandcamp.com,Zazie Productions,Official Properties & Channels,B,research,,Sellotape,unverified,Bandcamp release page (official discography)
https://zazieproductions.bandcamp.com/album/sellotape-super-deluxe-edition,zazieproductions.bandcamp.com,Zazie Productions,Official Properties & Channels,B,research,,Sellotape Super Deluxe Edition,unverified,Bandcamp release page (official discography)
https://zazieproductions.bandcamp.com/album/spectral-ode-to-synesthesia-2,zazieproductions.bandcamp.com,Zazie Productions,Official Properties & Channels,B,research,,Spectral Ode To Synesthesia 2,unverified,Bandcamp release page (official discography)
https://zazieproductions.bandcamp.com/album/stutter-to-stammer,zazieproductions.bandcamp.com,Zazie Productions,Official Properties & Channels,B,research,,Stutter To Stammer,unverified,Bandcamp release page (official discography)
https://zazieproductions.bandcamp.com/album/stutter-to-stammer-super-deluxe-edition,zazieproductions.bandcamp.com,Zazie Productions,Official Properties & Channels,B,research,,Stutter To Stammer Super Deluxe Edition,unverified,Bandcamp release page (official discography)
https://zazieproductions.bandcamp.com/album/to-halt-space-adrift,zazieproductions.bandcamp.com,Zazie Productions,Official Properties & Channels,B,research,,To Halt Space Adrift,unverified,Bandcamp release page (official discography)
https://zazieproductions.bandcamp.com/album/vermiform,zazieproductions.bandcamp.com,Zazie Productions,Official Properties & Channels,B,research,,Vermiform,unverified,Bandcamp release page (official discography)
https://zazieproductions.bandcamp.com/track/miraculously-unhurt,zazieproductions.bandcamp.com,Zazie Productions,Official Properties & Channels,B,research,,Miraculously Unhurt,unverified,Bandcamp release page (official discography)
https://zazieproductions.bandcamp.com/track/opaline-lament-life-from-the-beyond-2,zazieproductions.bandcamp.com,Zazie Productions,Official Properties & Channels,B,research,,Opaline Lament Life From The Beyond 2,unverified,Bandcamp release page (official discography)
https://zazieproductions.gumroad.com/?_gl=1*n00hfe*_ga*MjA1NDM2MTg2LjE3Mzg3MjU3MzQ.*_ga_6LJN6D94N6*MTczODc5OTg3NS41LjEuMTczODgwNDQ1MS4wLjAuMA,zazieproductions.gumroad.com,Zazie Productions,Official Properties & Channels,B,link_dump,,,unverified,
https://cjsw.com/program/noise/episode/20251113/,cjsw.com,Zazie Productions,Podcasts & Broadcasts,B,research,,"Noise – Episode November 13, 2025 – CJSW Radio",unverified,CJSW Radio program airing 'To Halt Space Adrift'; found via Marginalia
https://www.ivoox.com/en/bmc-radio-art-zazie-productions-cheaper-impressions-audios-mp3_rf_122698439_1.html,ivoox.com,Zazie Productions,Podcasts & Broadcasts,A,link_dump,,,unverified,
https://www.podbean.com/site/EpisodeDownload/DIR13ED53E7JIB76,podbean.com,Zazie Productions,Podcasts & Broadcasts,A,link_dump,,,unverified,
https://podcast365.ro/episoade/black-mountain-college-radio/bmc-radio-art-zazie-productions-cheaper-impressions-XCIxLKgUQq,podcast365.ro,Zazie Productions,Podcasts & Broadcasts,A,link_dump,,,unverified,
https://www.podcasts-online.org/es/black-mountain-college-radio1-1538618362,podcasts-online.org,Zazie Productions,Podcasts & Broadcasts,A,link_dump,,,unverified,
https://tunein.com/podcasts/Arts--Culture-Podcasts/Black-Mountain-College-Radio-p2041208/,tunein.com,Zazie Productions,Podcasts & Broadcasts,A,link_dump,,,unverified,
https://allevents.in/mobile/amp-event.php?event_id=100001021724965877,allevents.in,Zazie Productions,Press & Editorial,A,link_dump,,,unverified,
https://amazingradio.com/profile/zazie-productions,amazingradio.com,Zazie Productions,Press & Editorial,A,link_dump,,,unverified,
http://www.art-squat.com/articles11/,art-squat.com,Zazie Productions,Press & Editorial,A,link_dump,,,unverified,
https://billboardwire.com/how-an-underground-experimental-musician-became-a-go-to-composer-for-psychological-horror/,billboardwire.com,Zazie Productions,Press & Editorial,A,media_master,,,unverified,
https://www.blackmountaincollege.org/broadcast-bmc-radio-artist-zazie-productions/,blackmountaincollege.org,Zazie Productions,Press & Editorial,A,media_master,,,unverified,
https://brokenzen.wordpress.com/2025/12/16/new-track-new-comp/,brokenzen.wordpress.com,Zazie Productions,Press & Editorial,A,research,,"New Track, New Comp – Broken Zen",unverified,Broken Zen blog post naming Zazie Productions; found via Marginalia
https://www.casey-douglass.com/2023/11/dark-ambient-shadowlands-4-is-out-now.html,casey-douglass.com,Zazie Productions,Press & Editorial,A,media_master,,,unverified,
https://www.casey-douglass.com/2023/11/dark-ambient-shadowlands-4-is-out-now.html?m=1,casey-douglass.com,Zazie Productions,Press & Editorial,A,link_dump,,,unverified,
https://cincymusic.com/blog/2025/12/lo-fi-city-drops-2025-comp-in-time-for-bandcamp-friday,cincymusic.com,Zazie Productions,Press & Editorial,A,research,,Lo Fi City Drops 2025 Comp In Time for Bandcamp Friday,unverified,CincyMusic article naming Zazie Productions; found via Marginalia
https://comunicati.musicalive.net/c/cant-get-my-eyes-off-you-123,comunicati.musicalive.net,Zazie Productions,"Spam, Scraper, Syndication, SEO-Poisoning & Low-Trust",D,link_dump,,,broken,"[LOWTRUST RSS-SYNDICATION/PR-FEED-REPUB] Italian promo agency auto-reposting press-release feeds; PR republication, not editorial. Was mis-tiered Press&A in the dump."
https://creators.spotify.com/pod/profile/fsftf/episodes/The-Online-Frontier-of-Sound-Exploring-The-Vanishing-Point-Syndicates-First-Compilation-e30bl26,creators.spotify.com,Zazie Productions,Press & Editorial,A,media_master,,,unverified,
https://disconecta.com.br/resenhas/resenhas-de-discos/playlist-autoral-15-rock-jazz/,disconecta.com.br,Zazie Productions,Press & Editorial,A,link_dump,,,unverified,
https://disconecta.com.br/resenhas/resenhas-de-discos/playlist-autoral-15-rock-jazz/#gsc.tab=0,disconecta.com.br,Zazie Productions,Press & Editorial,A,link_dump,,,unverified,
https://grammyweekly.com/zazie-productions-the-underground-polymath-redefining-experimental-music/,grammyweekly.com,Zazie Productions,Press & Editorial,A,media_master,,,unverified,
https://heavymag.com.au/zazie-productions-unleash-eclectic-single-cant-get-my-eyes-off-you-123/,heavymag.com.au,Zazie Productions,Press & Editorial,A,media_master,,,unverified,
https://igloomag.com/newswire/solidarity-complete-aclu-voidstar-productions,igloomag.com,Zazie Productions,Press & Editorial,A,link_dump,,,unverified,
https://indieam.com.mx/2025/02/08/resena-zazie-productions-y-unwashed-miscreant-rompen-esquemas-con-cant-get-my-eyes-off-you-123/,indieam.com.mx,Zazie Productions,Press & Editorial,A,media_master,,,unverified,
https://www.instagram.com/p/DHMO9tdy-VZ/?igsh=MTczOGhqcnpua2kzdw==,instagram.com,Zazie Productions,Press & Editorial,A,link_dump,,,unverified,
https://killthedj.com/irish-bambie-eurovision-ouija-pop/,killthedj.com,Zazie Productions,Press & Editorial,A,link_dump,,,unverified,
https://lakeivan.substack.com/p/spinning-in-the-wildness-phantom,lakeivan.substack.com,Zazie Productions,Press & Editorial,A,media_master,,,unverified,
https://www.legateaugallery.com/in-dreams-main.html,legateaugallery.com,Zazie Productions,Press & Editorial,A,link_dump,,,unverified,
https://limitless-magazine.com/2026/06/12/forget-asmr-zazie-productions-will-rewire-your-whole-nervous-system,limitless-magazine.com,Zazie Productions,Press & Editorial,A,media_master,,,unverified,
https://mandeliterary.com/phantom-requiem/,mandeliterary.com,Zazie Productions,Press & Editorial,A,link_dump,,,unverified,
https://news.prfree.org/@noisemusicnewsdaily/zazie-productions-launches-the-vanishing-point-syndicate-a-bold-new-netlabel-with-dissonance-index-vol-1-a-global-underground-compilation-krmhmvbx1u59,news.prfree.org,Zazie Productions,Press & Editorial,A,media_master,,,unverified,
https://news.prfree.org/@zazieproductions/zazie-productions-unveils-phantom-requiem-2024-a-haunting-five-minute-stop-motion-avant-garde-masterpiece-q85vaihvx2hk,news.prfree.org,Zazie Productions,Press & Editorial,A,media_master,,,unverified,
https://open.spotify.com/episode/1fvq4kF8w6ew8IllOLf5yn,open.spotify.com,Zazie Productions,Press & Editorial,A,media_master,,,unverified,
https://www.peopleversus.tv/fringe-flicks,peopleversus.tv,Zazie Productions,Press & Editorial,A,link_dump,,,unverified,
https://podcasts.apple.com/au/podcast/bmc-radio-art-zazie-productions-cheaper-impressions/id1538618362?i=1000545099810,podcasts.apple.com,Zazie Productions,Press & Editorial,A,media_master,,,unverified,
https://popfantasma.com.br/radar-shape-samuel-james-e-outros-sons-que-chegaram-pelo-groover/,popfantasma.com.br,Zazie Productions,Press & Editorial,A,media_master,,,unverified,
https://www.portlandmercury.com/i-anonymous/2024/08/22/47371644/thank-you-to-all-the-tortured-geniuses,portlandmercury.com,Zazie Productions,Press & Editorial,A,link_dump,,,unverified,
https://prfree.org/@zazieproductions/zazie-productions-unveils-phantom-requiem-2024-a-haunting-five-minute-stop-motion-avant-garde-masterpiece-q85vaihvx2hk,prfree.org,Zazie Productions,Press & Editorial,A,link_dump,,,unverified,
https://www.prfree.org/@zazieproductions/zazie-productions-unveils-phantom-requiem-2024-a-haunting-five-minute-stop-motion-avant-garde-masterpiece-q85vaihvx2h,prfree.org,Zazie Productions,Press & Editorial,A,link_dump,,,unverified,
https://pronthego.com/pages/blog/art-PR-expanding-artistic-reach-through-digital-exhibitions,pronthego.com,Zazie Productions,Press & Editorial,A,media_master,,,unverified,
https://pronthego.com/pages/blog/indie-film-PR-how-film-festivals-can-help-a-film-attract-media-attention-and-get-distribution-deals,pronthego.com,Zazie Productions,Press & Editorial,A,media_master,,,unverified,
https://pronthego.com/pages/blog/indie-music-PR-sights-and-sounds-aesthetic-identities-of-indie-musicians,pronthego.com,Zazie Productions,Press & Editorial,A,media_master,,,unverified,
https://pronthego.com/pages/blog/this-is-how-rebellious-alternative-fashion-is-making-its-way-back-into-society,pronthego.com,Zazie Productions,Press & Editorial,A,media_master,,,unverified,
https://pronthego.com/pages/blog/when-algorithms-imitate-art-the-rise-of-ghibli-style-ai-and-what-it-means-for-creators,pronthego.com,Zazie Productions,Press & Editorial,A,media_master,,,unverified,
https://www.radioclickdigital.com.ar/zazie-productions-desafia-los-limites-con-su-nuevo-sonido-en-cant-get-my-eyes-off-you-123/,radioclickdigital.com.ar,Zazie Productions,Press & Editorial,A,link_dump,,,unverified,
https://www.rangermagazine.net/zazie_issue4,rangermagazine.net,Zazie Productions,Press & Editorial,A,media_master,,,unverified,
https://rant.li/scienceinnovation/zazie-productions-researcher-sonic-engineer-and-theorist-of,rant.li,Zazie Productions,"Spam, Scraper, Syndication, SEO-Poisoning & Low-Trust",D,link_dump,,,unverified,"[LOWTRUST LEGACY-MIRROR/SYNDICATION-MIRROR] Defunct Medium mirror of a self-published Medium essay (""researcher, sonic engineer, and theorist...""). Not independent press."
https://www.rockculture.es/noticias-kaenn-odd-marauder-geoff-carne-uniporn-tom-relling-al-contado-electric-fury-all-around-pisces-zazie-productions-rip-gerber/,rockculture.es,Zazie Productions,Press & Editorial,A,link_dump,,,unverified,
https://shockwebradio.com/musica/zazie-productions-y-el-experimento-sonoro-que-desafia-la-logica-cant-get-my-eyes-off-you-123/,shockwebradio.com,Zazie Productions,Press & Editorial,A,media_master,,,unverified,
https://soundcloud.com/bmcmuseum/bmc-radio-art-zazie-productions-cheaper-impressions,soundcloud.com,Zazie Productions,Press & Editorial,A,media_master,,,unverified,
https://www.soundsgoodwebzine.com/zazie-productions-cant-get-my-eyes-off-you-123/,soundsgoodwebzine.com,Zazie Productions,Press & Editorial,A,link_dump,,,unverified,
https://superpresent.org/current-issue/,superpresent.org,Zazie Productions,Press & Editorial,A,link_dump,,,unverified,
https://superpresent.org/wp-content/uploads/2024/06/V4N3-pdf.pdf,superpresent.org,Zazie Productions,Press & Editorial,A,media_master,,,unverified,
https://telegra.ph/Zazie-Productions-The-Eccentric-Savant-Who-Is-Redefining-Sound-and-Vision-02-12,telegra.ph,Zazie Productions,Press & Editorial,A,link_dump,,,unverified,
https://telegra.ph/Zazie-Productions-Unleashes-The-Vanishing-Point-Syndicate-with-Dissonance-Index-Compilation-03-17,telegra.ph,Zazie Productions,Press & Editorial,A,media_master,,,unverified,
https://tinnitist.com/2025/02/10/groover-playlist-299-brilliant-numbers-part-2/,tinnitist.com,Zazie Productions,Press & Editorial,A,research,,Groover Playlist 299 | Brilliant Numbers (Part 2),unverified,Tinnitist playlist article crediting Zazie Productions; found via Marginalia
https://tinnitist.com/tag/zazie-productions/,tinnitist.com,Zazie Productions,Press & Editorial,A,link_dump,,,unverified,
https://www.viralnation.com/resources/blog/what-creators-want-from-brands,viralnation.com,Zazie Productions,Press & Editorial,A,media_master,,,unverified,
https://vitalentum.net/post/110-how-one-musical-prodigy-is-outpacing-the-world-s-most-advanced-music-ais-and-how-this-happens.html,vitalentum.net,Zazie Productions,Press & Editorial,A,link_dump,,,unverified,
https://www.whitelight-whiteheat.com/wl-wh-weekly-shoegaze-dreampop-psychedelic-indie-tips-36-25/,whitelight-whiteheat.com,Zazie Productions,Press & Editorial,A,link_dump,,,unverified,
https://www.500letters.org/form_15.php?naam=kanwar-torge_zazie,500letters.org,Zazie Kanwar-Torge,Profiles & Catalogs,B,link_dump,,,unverified,
https://www.academia.edu/127699196/Essentially_Isometric_Invertibility_For_Co_countably_Unique_Canonically_Bounded_Systems,academia.edu,Zazie Productions,Profiles & Catalogs,B,link_dump,,,unverified,
https://allpoetry.com/Zazie_Productions,allpoetry.com,Zazie Productions,Profiles & Catalogs,B,link_dump,,,unverified,
https://www.amazon.com/music/player/artists/B0B14FFGFV/zazie-productions,amazon.com,Zazie Productions,Profiles & Catalogs,B,media_master,,,unverified,
https://art.kunstmatrix.com/en/artist/zazie-productions,art.kunstmatrix.com,Zazie Productions,Profiles & Catalogs,B,link_dump,,,unverified,
https://arthive.com/zazieproductions/biography,arthive.com,Zazie Productions,Profiles & Catalogs,B,link_dump,2026-09-05,,search-index verified,"Upgraded by Pass 9: snippet-verified via Yandex (Mail.ru path) + Bing (OceanHero) paths; direct fetch bot-gated (""Automatic query check""); RU twin artchive.ru/zazieproductions/biography"
https://artvee.com/members/zazie_productions/,artvee.com,Zazie Productions,Profiles & Catalogs,B,link_dump,,,unverified,
https://www.bandmix.com/zazieproductions/,bandmix.com,Zazie Productions,Profiles & Catalogs,B,media_master,,,unverified,
https://www.behance.net/zaziediya,behance.net,Zazie Productions,Profiles & Catalogs,B,media_master,,,unverified,
https://www.behance.net/zaziediya?locale=en_US,behance.net,Zazie Productions,Profiles & Catalogs,B,link_dump,,,unverified,
https://blog.spacehey.com/entry?id=1380281,blog.spacehey.com,Zazie Productions,Profiles & Catalogs,B,link_dump,,,unverified,
https://www.castingcall.club/zazieproductions,castingcall.club,Zazie Productions,Profiles & Catalogs,B,media_master,,,unverified,
https://credits.muso.ai/profile/4010f3b7-9a87-4961-8dfd-917de0ba787e,credits.muso.ai,Zazie Productions,"Spam, Scraper, Syndication, SEO-Poisoning & Low-Trust",D,media_master,,,unverified,[LOWTRUST AUTOGEN-DATA/AUTOGEN-METADATA] Auto-cloned Spotify credits profile.
https://www.deezer.com/us/artist/170543657,deezer.com,Zazie Productions,Profiles & Catalogs,B,media_master,,,unverified,
https://www.discogs.com/artist/11354435-Zazie-Productions,discogs.com,Zazie Productions,Profiles & Catalogs,B,media_master,,,unverified,Discogs artist index
https://equipboard.com/pros-index/z,equipboard.com,Zazie Productions,Profiles & Catalogs,B,media_master,,,unverified,
https://filmfreeway.com/ZazieProductions,filmfreeway.com,Zazie Productions,Profiles & Catalogs,B,media_master,,,unverified,
https://groover.co/en/influencer/profile/0.zazie-productions/,groover.co,Zazie Productions,Profiles & Catalogs,B,media_master,,,unverified,
https://hackaday.io/ZazieProductions,hackaday.io,Zazie Productions,Profiles & Catalogs,B,media_master,,,unverified,
https://hackmd.io/@vFyqhdToTb6sqgqrxzVeDQ/r1Sz_jihkg,hackmd.io,Zazie Productions,Profiles & Catalogs,B,link_dump,,,unverified,
https://www.imdb.com/name/nm17333332/,imdb.com,Zazie Productions,Profiles & Catalogs,B,media_master,,,unverified,
https://imgur.com/a/M25R5PJ,imgur.com,Zazie Productions,Profiles & Catalogs,B,link_dump,,,unverified,
https://justpaste.it/gepby,justpaste.it,Zazie Productions,"Spam, Scraper, Syndication, SEO-Poisoning & Low-Trust",D,link_dump,,,verified,"[LOWTRUST PASTE-REPUB/PASTE-REPUB] Anonymous PR repost (""Greetings From Tinsel Time"": A Subversive Holiday Classic...) with unverifiable quotes from ""The New York Institute of Sound Theory"" etc. Not editorial coverage."
https://www.linkedin.com/in/zazie-kanwar-torge-3b8a98373/,linkedin.com,Zazie Kanwar-Torge,Profiles & Catalogs,B,media_master,,,unverified,
https://linktr.ee/ZazieProductions,linktr.ee,Zazie Productions,Profiles & Catalogs,B,media_master,,,unverified,
https://medium.com/@catgirlthyme/weird-music-recap-2024-3f86badc3650,medium.com,Zazie Productions,Profiles & Catalogs,B,link_dump,,,unverified,
https://museonline.org/profile/zazie-kanwar-torge/,museonline.org,Zazie Kanwar-Torge,Profiles & Catalogs,B,media_master,,,unverified,
https://music.apple.com/us/artist/zazie-productions/1623719351,music.apple.com,Zazie Productions,Profiles & Catalogs,B,media_master,,,unverified,
https://musicians.directory/profile-zazie-productions,musicians.directory,Zazie Productions,Profiles & Catalogs,B,media_master,,,unverified,
https://open.spotify.com/artist/4UOgvZEOo7xBhFBjJvlMm0,open.spotify.com,Zazie Productions,Profiles & Catalogs,B,media_master,,,unverified,
https://open.spotify.com/playlist/37i9dQZF1E4wLqQSg8MWKD,open.spotify.com,Zazie Productions,Profiles & Catalogs,B,media_master,,,unverified,
https://perchance.org/zazieproductions,perchance.org,Zazie Productions,Profiles & Catalogs,B,link_dump,,,unverified,
https://rateyourmusic.com/song/zazie-productions/i-love-everything-about-you/,rateyourmusic.com,Zazie Productions,Profiles & Catalogs,B,media_master,,,unverified,
https://replit.com/@ZazieProduction,replit.com,Zazie Productions,Profiles & Catalogs,B,link_dump,,,unverified,
https://www.reverbnation.com/zazieproductions/videos,reverbnation.com,Zazie Productions,Profiles & Catalogs,B,media_master,,,unverified,
https://sketchfab.com/zazieproductions/models,sketchfab.com,Zazie Productions,Profiles & Catalogs,B,link_dump,,,unverified,
https://slaps.com/ZazieProd,slaps.com,Zazie Productions,Profiles & Catalogs,B,media_master,,,unverified,
https://songstats.com/artist/mljz9dxu/zazie-kanwar-torge,songstats.com,Zazie Kanwar-Torge,Profiles & Catalogs,B,media_master,,,unverified,
https://soundbetter.com/profiles/614805-zazie-productions,soundbetter.com,Zazie Productions,Profiles & Catalogs,B,media_master,,,unverified,
https://www.stage32.com/profile/1164424/about,stage32.com,Zazie Productions,Profiles & Catalogs,B,media_master,,,unverified,
https://the-dots.com/users/zazie-productions-1813011?mode=preview,the-dots.com,Zazie Productions,Profiles & Catalogs,B,link_dump,,,unverified,
https://thehug.xyz/artists/zazieproductions/portfolio/item/032ce1d7-ee38-4c5c-83a8-70db54218d3,thehug.xyz,Zazie Productions,Profiles & Catalogs,B,link_dump,,,unverified,
https://theresanaiforthat.com/@zazieproduction/,theresanaiforthat.com,Zazie Productions,Profiles & Catalogs,B,link_dump,,,unverified,
https://txt.fyi/1e6a35890de43189,txt.fyi,Zazie Productions,Profiles & Catalogs,B,link_dump,,,unverified,
https://www.viberate.com/artist/zazie-productions/,viberate.com,Zazie Productions,"Spam, Scraper, Syndication, SEO-Poisoning & Low-Trust",D,media_master,,,verified,"[LOWTRUST AUTOGEN-DATA/AUTOGEN-METADATA] Machine-written stats SEO copy (mislabels genre ""avant-garde jazz""; boilerplate Q&A; ""email us to update your bio"")."
https://vocal.media/stories?status=published,vocal.media,Zazie Productions,Profiles & Catalogs,B,link_dump,,,unverified,
https://websim.ai/p/mtopbz5cf0mlvd0jf7w9/22,websim.ai,Zazie Productions,Profiles & Catalogs,B,link_dump,,,unverified,
https://www.wfcn.co/profile/zazie.productions,wfcn.co,Zazie Productions,Profiles & Catalogs,B,media_master,,,unverified,
https://write.as/1oznmq3kbhveh.md,write.as,Zazie Productions,Profiles & Catalogs,B,link_dump,,,unverified,
https://writexo.com/raw/8ilsx2y1,writexo.com,Zazie Productions,Profiles & Catalogs,B,link_dump,,,unverified,
https://www.instagram.com/zazieproductionsofficial/,www.instagram.com,Zazie Productions,Profiles & Catalogs,B,research,,Zazie Productions,unverified,Social / profile surface found via search engine
https://zazieproductions.bandcamp.com/,zazieproductions.bandcamp.com,Zazie Productions,Profiles & Catalogs,B,media_master,,,unverified,
https://zazieproductions.gumroad.com/,zazieproductions.gumroad.com,Zazie Productions,Profiles & Catalogs,B,media_master,,,unverified,
https://zazieproductions.itch.io/,zazieproductions.itch.io,Zazie Productions,Profiles & Catalogs,B,media_master,,,unverified,
https://www.amazon.com/Are-really-awake-Aiden-Messer/dp/B0GSVBXBGS,amazon.com,Zazie Productions,Publications & Recognition,A,media_master,,,unverified,
https://archive.independentmail.com/features/midway-elementary-school-of-science-and-engineering-second-semester-honor-roll-ep-296602286-346933112.html,archive.independentmail.com,Zazie Productions,Publications & Recognition,A,link_dump,,,unverified,
https://archive.transformativeworks.org/works/56506408/chapters/143816134,archive.transformativeworks.org,Zazie Productions,Publications & Recognition,A,link_dump,,,unverified,
https://enigmalabs.io/sighting/311344,enigmalabs.io,Zazie Productions,Publications & Recognition,A,media_master,,,unverified,
https://enigmalabs.io/sighting/311446,enigmalabs.io,Zazie Productions,Publications & Recognition,A,link_dump,,,unverified,
https://experiment.com/projects/qtxiwhloyciyjwlqcwmj,experiment.com,Zazie Productions,Publications & Recognition,A,link_dump,,,unverified,
https://www.greenville.k12.sc.us/stone/Upload/uploads/Jumpstart,greenville.k12.sc.us,Zazie Productions,Publications & Recognition,A,link_dump,,,unverified,
https://www.greenville.k12.sc.us/stone/Upload/uploads/generic,greenville.k12.sc.us,Zazie Productions,Publications & Recognition,A,link_dump,,,unverified,
https://pulitzercenter.org/blog/winners-and-finalists-local-letters-global-change-2019,pulitzercenter.org,Zazie Productions,Publications & Recognition,A,media_master,,,unverified,
https://pulitzercenter.org/zazie-kanwar-torge-finalist-local-letters-global-change,pulitzercenter.org,Zazie Kanwar-Torge,Publications & Recognition,A,media_master,,,unverified,
https://www.smashwords.com/profile/view/Aiden_E.Messer890,smashwords.com,Zazie Productions,Publications & Recognition,A,media_master,,,unverified,
https://support.apple.com/en-us/102774,support.apple.com,Zazie Productions,Publications & Recognition,A,media_master,,,unverified,
https://www.agencesartistiques.com/fiche-artiste/739100-elsa-levy.html?lng=en,agencesartistiques.com,Zazie Productions,"Spam, Scraper, Syndication, SEO-Poisoning & Low-Trust",D,link_dump,,,unverified,[LOWTRUST MISATTRIB-FLAG/MISATTRIB-FLAG] Dump flagged as spam-site; page is an unrelated talent booking profile (Elsa Levy). No exact-name occurrence established — NEVER countable.
https://archivio.lavocedinovara.com/KmDEB/black-mountain-college-ira-and-ruth-levinson-museum,archivio.lavocedinovara.com,Zazie Productions,"Spam, Scraper, Syndication, SEO-Poisoning & Low-Trust",D,link_dump,,,not-probed-safety,[LOWTRUST BMC-DOORWAY/DOORWAY-INJECT] Injected doorway on hacked/unrelated site; streamed-metadata title spoofed. Preserve as contamination trace only.
https://www.backstage.com/u/audreyjarnagin/,backstage.com,Zazie Productions,"Spam, Scraper, Syndication, SEO-Poisoning & Low-Trust",D,link_dump,,,unverified,[LOWTRUST MISATTRIB-FLAG/MISATTRIB-FLAG] Dump flagged as spam-site; unrelated casting profile (audreyjarnagin). No exact-name occurrence established — NEVER countable.
http://www.bytstav.sk/gDrA/ira-and-ruth-levinson-art-museum-north-carolina,bytstav.sk,Zazie Productions,"Spam, Scraper, Syndication, SEO-Poisoning & Low-Trust",D,link_dump,,,not-probed-safety,[LOWTRUST BMC-DOORWAY/DOORWAY-INJECT] Injected doorway on hacked/unrelated site; streamed-metadata title spoofed. Preserve as contamination trace only.
https://childrenofyemen.org/zvgw5/black-mountain-college-ira-and-ruth-levinson-museum,childrenofyemen.org,Zazie Productions,"Spam, Scraper, Syndication, SEO-Poisoning & Low-Trust",D,link_dump,,,not-probed-safety,[LOWTRUST BMC-DOORWAY/DOORWAY-INJECT] Injected doorway on hacked/unrelated site; streamed-metadata title spoofed. Preserve as contamination trace only.
https://designbymm.cz/.modules/gbt72mhz/ira-and-ruth-levinson-art-museum-north-carolina,designbymm.cz,Zazie Productions,"Spam, Scraper, Syndication, SEO-Poisoning & Low-Trust",D,link_dump,,,not-probed-safety,[LOWTRUST BMC-DOORWAY/DOORWAY-INJECT] Injected doorway on hacked/unrelated site; streamed-metadata title spoofed. Preserve as contamination trace only.
http://hiontech.kr/data/persuasive-speech/black-mountain-college-ira-and-ruth-levinson-museum,hiontech.kr,Zazie Productions,"Spam, Scraper, Syndication, SEO-Poisoning & Low-Trust",D,link_dump,,,not-probed-safety,[LOWTRUST BMC-DOORWAY/DOORWAY-INJECT] Injected doorway on hacked/unrelated site; streamed-metadata title spoofed. Preserve as contamination trace only.
https://www.juetao.org/yfc/san-bernardino-county-sheriff-jobs,juetao.org,Zazie Productions,"Spam, Scraper, Syndication, SEO-Poisoning & Low-Trust",D,link_dump,,,not-probed-safety,[LOWTRUST BMC-DOORWAY/DOORWAY-INJECT] Injected doorway on hacked/unrelated site; streamed-metadata title spoofed. Preserve as contamination trace only.
https://lcofcu.com/4o5ct9/archive.php?tag=black-mountain-college-ira-and-ruth-levinson-museum,lcofcu.com,Zazie Productions,"Spam, Scraper, Syndication, SEO-Poisoning & Low-Trust",D,link_dump,,,not-probed-safety,[LOWTRUST BMC-DOORWAY/DOORWAY-INJECT] Injected doorway on hacked/unrelated site; streamed-metadata title spoofed. Preserve as contamination trace only.
https://maynenkhikobelco.com/ZVuos/black-mountain-college-ira-and-ruth-levinson-museum,maynenkhikobelco.com,Zazie Productions,"Spam, Scraper, Syndication, SEO-Poisoning & Low-Trust",D,link_dump,,,not-probed-safety,[LOWTRUST BMC-DOORWAY/DOORWAY-INJECT] Injected doorway on hacked/unrelated site; streamed-metadata title spoofed. Preserve as contamination trace only.
https://patchworkers.info/ac-valhalla/black-mountain-college-ira-and-ruth-levinson-museum,patchworkers.info,Zazie Productions,"Spam, Scraper, Syndication, SEO-Poisoning & Low-Trust",D,link_dump,,,not-probed-safety,[LOWTRUST BMC-DOORWAY/DOORWAY-INJECT] Injected doorway on hacked/unrelated site; streamed-metadata title spoofed. Preserve as contamination trace only.
https://powerkabel.com.pe/love-quotes/black-mountain-college-ira-and-ruth-levinson-museum,powerkabel.com.pe,Zazie Productions,"Spam, Scraper, Syndication, SEO-Poisoning & Low-Trust",D,link_dump,,,not-probed-safety,[LOWTRUST BMC-DOORWAY/DOORWAY-INJECT] Compromised-host doorway under BMC/IRLAM template slug.
https://www.sarlmca.fr/x83v4/ira-and-ruth-levinson-art-museum-north-carolina,sarlmca.fr,Zazie Productions,"Spam, Scraper, Syndication, SEO-Poisoning & Low-Trust",D,link_dump,,,not-probed-safety,[LOWTRUST BMC-DOORWAY/DOORWAY-INJECT] Injected doorway on hacked/unrelated site; streamed-metadata title spoofed. Preserve as contamination trace only.
https://shoshanagarfield.com/bidirectional-lstm/black-mountain-college-ira-and-ruth-levinson-museum,shoshanagarfield.com,Zazie Productions,"Spam, Scraper, Syndication, SEO-Poisoning & Low-Trust",D,link_dump,,,not-probed-safety,[LOWTRUST BMC-DOORWAY/DOORWAY-INJECT] Injected doorway on hacked/unrelated site; streamed-metadata title spoofed. Preserve as contamination trace only.
https://slatersgarage.com/PxyL/black-mountain-college-ira-and-ruth-levinson-museum,slatersgarage.com,Zazie Productions,"Spam, Scraper, Syndication, SEO-Poisoning & Low-Trust",D,link_dump,,,not-probed-safety,[LOWTRUST BMC-DOORWAY/DOORWAY-INJECT] Injected doorway on hacked/unrelated site; streamed-metadata title spoofed. Preserve as contamination trace only.
https://smartpersonsguide.com/MNNiI/black-mountain-college-ira-and-ruth-levinson-museum,smartpersonsguide.com,Zazie Productions,"Spam, Scraper, Syndication, SEO-Poisoning & Low-Trust",D,link_dump,,,not-probed-safety,[LOWTRUST BMC-DOORWAY/DOORWAY-INJECT] Injected doorway on hacked/unrelated site; streamed-metadata title spoofed. Preserve as contamination trace only.
https://vidmak.com/fs0vz3/ira-and-ruth-levinson-art-museum-north-carolina,vidmak.com,Zazie Productions,"Spam, Scraper, Syndication, SEO-Poisoning & Low-Trust",D,link_dump,,,not-probed-safety,[LOWTRUST BMC-DOORWAY/DOORWAY-INJECT] Compromised-host doorway under BMC/IRLAM template slug.
https://wnloveet.click/product_details/105751966.html,wnloveet.click,Zazie Productions,"Spam, Scraper, Syndication, SEO-Poisoning & Low-Trust",D,link_dump,,,unverified,[LOWTRUST SPAM-SHOP/SPAM-SHOP] SEO-poisoning product page riding scraped keywords.
https://www.baidu.com/link?url=lGOPTjwdo-SJgH88b8O6BfcutJYDNcLfDDdoK_GDhgodoo9uajS_-T8r0CJBuFvTJ6JJ63asEqzCWIS0zFOkNK&wd=&eqid=94b87bd700fb95d100000006676ae907,baidu.com,Zazie Productions,Search-Engine Index,C,link_dump,,,unverified,Baidu search-result redirect; name indexed by Baidu
https://www.boomplay.com/artists/46971970,boomplay.com,Zazie Productions,Streaming & Music Platforms,B,link_dump,,,unverified,
https://box.hitplayer.ru/?s=zazie,box.hitplayer.ru,Zazie Productions,"Spam, Scraper, Syndication, SEO-Poisoning & Low-Trust",D,link_dump,,,verified,[LOWTRUST PIRATE-SCRAPE/PIRATE-SCRAPE] HotPlayer pirate search/listen index page; malformed directory mixing unrelated artists.
https://www.breakinghits.app/zazieproductions/,breakinghits.app,Zazie Productions,"Spam, Scraper, Syndication, SEO-Poisoning & Low-Trust",D,link_dump,,,verified,[LOWTRUST AUTOGEN-DATA/PAYTOPLAY-DIRECTORY] Pay-to-play chart/promo platform; profile behind invite wall.
https://www.chosic.com/artist/zazie-productions/4UOgvZEOo7xBhFBjJvlMm0/,chosic.com,Zazie Productions,"Spam, Scraper, Syndication, SEO-Poisoning & Low-Trust",D,link_dump,,,unverified,[LOWTRUST AUTOGEN-DATA/AUTOGEN-METADATA] Auto-generated artist page cloned from Spotify metadata.
https://www.deezer.com/en/artist/170543657,deezer.com,Zazie Productions,Streaming & Music Platforms,B,link_dump,,,unverified,
https://www.fangpi.net/music/13393673,fangpi.net,Zazie Productions,Streaming & Music Platforms,B,link_dump,,,unverified,
https://www.gequbao.com/music/1642349,gequbao.com,Zazie Productions,Streaming & Music Platforms,B,link_dump,,,unverified,
https://getmusic.fm/r/various-artists-moon-musiq-untitled,getmusic.fm,Zazie Productions,Streaming & Music Platforms,B,link_dump,,,unverified,
https://www.gnoosic.com/discussion/zazie+productions.html,gnoosic.com,Zazie Productions,Streaming & Music Platforms,B,link_dump,,,unverified,
https://www.iheart.com/artist/zazie-productions-38017001/,iheart.com,Zazie Productions,Streaming & Music Platforms,B,link_dump,,,unverified,
https://www.kkbox.com/sg/sc/artist/8spDJ-lczbMOkUS99q,kkbox.com,Zazie Productions,Streaming & Music Platforms,B,link_dump,,,unverified,
https://www.last.fm/music/Zazie+Productions,last.fm,Zazie Productions,Streaming & Music Platforms,B,link_dump,,,unverified,
https://www.last.fm/music/Zazie+Productions/+tracks,last.fm,Zazie Productions,Streaming & Music Platforms,B,link_dump,,,unverified,
https://music.163.com/#/artist?id=52749380,music.163.com,Zazie Productions,Streaming & Music Platforms,B,link_dump,,,unverified,
https://music.163.com/song?id=2083550087,music.163.com,Zazie Productions,Streaming & Music Platforms,B,link_dump,,,unverified,
https://www.musicgateway.com/creative-professionals/artist/zazie-productions,musicgateway.com,Zazie Productions,Streaming & Music Platforms,B,link_dump,,,unverified,
https://musicstax.com/playlist/goa-trancepsy-trance/75PxWthUYPOskOU1EjGrFX,musicstax.com,Zazie Productions,Streaming & Music Platforms,B,link_dump,,,unverified,
https://muzvibe.org/search/Zazie,muzvibe.org,Zazie Productions,Streaming & Music Platforms,B,link_dump,,,unverified,
https://open.spotify.com/artist/4UOgvZEOo7xBhFBjJvlMm0?si=Mr95tIjiQD6V7mLbTZdCb,open.spotify.com,Zazie Productions,Streaming & Music Platforms,B,link_dump,,,unverified,
https://open.spotify.com/playlist/0wYL2MV2jiz5yqXTSCJBTw?si=BXh9LzN_S2qoSeisIzYpNA&pi=IFlsbkRvS-iP2,open.spotify.com,Zazie Productions,Streaming & Music Platforms,B,link_dump,,,unverified,
https://open.spotify.com/playlist/3Q2LNnQPClJHAmuavudX3T?si=RI3n61xbR62LQvYQdnaJwQ&pi=g4xukX8eSnC-H,open.spotify.com,Zazie Productions,Streaming & Music Platforms,B,link_dump,,,unverified,
https://open.spotify.com/playlist/4zNDI7kTKxDNBbzoJmA0VG?si=JpixnZyQQmybn_QNVv__qA&pi=mQjKbcHxSU6qB,open.spotify.com,Zazie Productions,Streaming & Music Platforms,B,link_dump,,,unverified,
https://open.spotify.com/playlist/5seknEmy1VW3eapTpjIIzF?si=U2zmHkTqRQuVMPTovUDzZg&pi=2UOzxG96TLKFB,open.spotify.com,Zazie Productions,Streaming & Music Platforms,B,link_dump,,,unverified,
https://open.spotify.com/playlist/6KvWN7SWNoEtpwtK1rdXtG,open.spotify.com,Zazie Productions,Streaming & Music Platforms,B,link_dump,,,unverified,
https://open.spotify.com/playlist/75PxWthUYPOskOU1EjGrFX?si=fnqhO6APRsesyPPZvRCaOg&pi=_vZkDlbsQ8Ge9,open.spotify.com,Zazie Productions,Streaming & Music Platforms,B,link_dump,,,unverified,
"https://www.paroles-musique.com/eng/Zazie-Productions-Stunning-That-You-d-Care-lyrics,p6370983",paroles-musique.com,Zazie Productions,Streaming & Music Platforms,B,link_dump,,,unverified,
https://play.anghami.com/song/105231243,play.anghami.com,Zazie Productions,Streaming & Music Platforms,B,link_dump,,,unverified,
http://playlost.fm/playlist/75PxWthUYPOskOU1EjGrF,playlost.fm,Zazie Productions,Streaming & Music Platforms,B,link_dump,,,unverified,
https://pro.soundclick.com/ZazieProductions,pro.soundclick.com,Zazie Productions,Streaming & Music Platforms,B,research,,Zazie Productions,unverified,Social / profile surface found via search engine
https://www.qobuz.com/de-de/interpreter/zazie-productions/14145610,qobuz.com,Zazie Productions,Streaming & Music Platforms,B,link_dump,,,unverified,
https://www.qobuz.com/us-en/album/constrained-capacity-zazie-productions/bvwuboa98rchb,qobuz.com,Zazie Productions,Streaming & Music Platforms,B,link_dump,,,unverified,
https://www.reverbnation.com/zazieproductions/songs,reverbnation.com,Zazie Productions,Streaming & Music Platforms,B,link_dump,,,unverified,
https://www.shazam.com/artist/zazie-productions/1623719351,shazam.com,Zazie Productions,Streaming & Music Platforms,B,link_dump,,,unverified,
https://www.shazam.com/en-us/artist/zazie-productions/1623719351,shazam.com,Zazie Productions,Streaming & Music Platforms,B,link_dump,,,unverified,
https://slaps.com/user/ZazieProd,slaps.com,Zazie Productions,Streaming & Music Platforms,B,link_dump,,,unverified,
https://songdata.io/search?query=Zazie+Productions+,songdata.io,Zazie Productions,"Spam, Scraper, Syndication, SEO-Poisoning & Low-Trust",D,link_dump,,,broken,[LOWTRUST AUTOGEN-DATA/AUTOGEN-SEARCHURL] Was a search-query URL (not a stable record); removed from Streaming & Music Platforms.
https://songstats.com/artist/hxc5ipay/zazie-productions,songstats.com,Zazie Productions,Streaming & Music Platforms,B,link_dump,,,unverified,
https://sonichits.com/video/Zazie_Productions/Seroquel_Coma,sonichits.com,Zazie Productions,Streaming & Music Platforms,B,link_dump,,,unverified,
https://www.soundclick.com/zazieproductions/?content=videos,soundclick.com,Zazie Productions,Streaming & Music Platforms,B,link_dump,,,unverified,
https://soundgasm.net/u/ZazieProductions,soundgasm.net,Zazie Productions,Streaming & Music Platforms,B,link_dump,,,unverified,
https://thirdeyemusic.co.uk/?name=Zazie_Productions&dir=tracks,thirdeyemusic.co.uk,Zazie Productions,"Spam, Scraper, Syndication, SEO-Poisoning & Low-Trust",D,link_dump,,,broken,"[LOWTRUST AUTOGEN-DATA/AUTOGEN-SEARCHURL] Auto directory-listing URL (?name=...&dir=tracks), not a curated record."
https://tidal.com/browse/artist/32246195,tidal.com,Zazie Productions,Streaming & Music Platforms,B,link_dump,,,unverified,
https://tunedex.routenote.com/artists/4UOgvZEOo7xBhFBjJvlMm0,tunedex.routenote.com,Zazie Productions,Streaming & Music Platforms,B,link_dump,,,unverified,
https://web.ligaudio.ru/mp3/zazie,web.ligaudio.ru,Zazie Productions,Streaming & Music Platforms,B,link_dump,,,unverified,
https://x-minusovka.com/?song=Zazie+Productions,x-minusovka.com,Zazie Productions,Streaming & Music Platforms,B,link_dump,,,unverified,
https://zvu4no.org/tracks/Zazie%20Productions,zvu4no.org,Zazie Productions,Streaming & Music Platforms,B,link_dump,,,unverified,
https://canal50.com/player-2020.asp?video=UX2kv3G89Jw&letra=4280&version=movil&autoplay=1,canal50.com,Zazie Productions,"Spam, Scraper, Syndication, SEO-Poisoning & Low-Trust",D,link_dump,,,unverified,"[LOWTRUST YT-MIRROR/INJECTED-EMBED] Auto-embed YouTube mirror of video UX2kv3G89Jw (""Phantom Requiem""); name appears via scraped video metadata only."
https://clipzag.com/watch?v=UX2kv3G89Jw,clipzag.com,Zazie Productions,"Spam, Scraper, Syndication, SEO-Poisoning & Low-Trust",D,link_dump,,,broken,[LOWTRUST YT-MIRROR/TOOL-MIRROR] Video mirror; currently failing.
https://www.clipzui.fun/video/64f3a4n3t2j5x3y3c4o553.html,clipzui.fun,Zazie Productions,"Spam, Scraper, Syndication, SEO-Poisoning & Low-Trust",D,link_dump,,,unverified,"[LOWTRUST YT-MIRROR/SUSPICIOUS-MIRROR] Auto-embed YouTube mirror of video UX2kv3G89Jw (""Phantom Requiem""); name appears via scraped video metadata only."
https://culturevein.com/videos/UX2kv3G89Jw,culturevein.com,Zazie Productions,"Spam, Scraper, Syndication, SEO-Poisoning & Low-Trust",D,link_dump,,,unverified,"[LOWTRUST YT-MIRROR/UNKNOWN-MIRROR] Auto-embed YouTube mirror of video UX2kv3G89Jw (""Phantom Requiem""); name appears via scraped video metadata only."
https://deturl.com/play.php?v=UX2kv3G89Jw,deturl.com,Zazie Productions,"Spam, Scraper, Syndication, SEO-Poisoning & Low-Trust",D,link_dump,,,verified,[LOWTRUST YT-MIRROR/TOOL-MIRROR] Benign player tool; string present only via scraped video metadata.
https://fooyoh.com/nowwatch/watch/UX2kv3G89Jw,fooyoh.com,Zazie Productions,"Spam, Scraper, Syndication, SEO-Poisoning & Low-Trust",D,link_dump,,,unverified,"[LOWTRUST YT-MIRROR/TOOL-MIRROR] Auto-embed YouTube mirror of video UX2kv3G89Jw (""Phantom Requiem""); name appears via scraped video metadata only."
https://gazetaolsztynska.pl/gminaelk/tv/video/youtube/UX2kv3G89Jw,gazetaolsztynska.pl,Zazie Productions,"Spam, Scraper, Syndication, SEO-Poisoning & Low-Trust",D,link_dump,,,broken,[LOWTRUST YT-MIRROR/INJECTED-EMBED] Injected YouTube-embed path on a Polish news portal; since removed/cleaned. Provenance note: hacked-site-syndication trace.
https://heartvod.com/play=UX2kv3G89Jw,heartvod.com,Zazie Productions,"Spam, Scraper, Syndication, SEO-Poisoning & Low-Trust",D,link_dump,,,unverified,"[LOWTRUST YT-MIRROR/SUSPICIOUS-MIRROR] Auto-embed YouTube mirror of video UX2kv3G89Jw (""Phantom Requiem""); name appears via scraped video metadata only."
https://www.hribi.net/video_youtube/startup-summit%20/UX2kv3G89Jw,hribi.net,Zazie Productions,"Spam, Scraper, Syndication, SEO-Poisoning & Low-Trust",D,link_dump,,,unverified,"[LOWTRUST YT-MIRROR/INJECTED-EMBED] Auto-embed YouTube mirror of video UX2kv3G89Jw (""Phantom Requiem""); name appears via scraped video metadata only."
https://www.hribi.net/video_youtube/watch/UX2kv3G89Jw,hribi.net,Zazie Productions,"Spam, Scraper, Syndication, SEO-Poisoning & Low-Trust",D,link_dump,,,unverified,"[LOWTRUST YT-MIRROR/INJECTED-EMBED] Auto-embed YouTube mirror of video UX2kv3G89Jw (""Phantom Requiem""); name appears via scraped video metadata only."
https://listenonrepeat.com/watch/?v=UX2kv3G89Jw,listenonrepeat.com,Zazie Productions,"Spam, Scraper, Syndication, SEO-Poisoning & Low-Trust",D,link_dump,,,unverified,[LOWTRUST YT-MIRROR/TOOL-MIRROR] Not bypassed per policy; left unverified.
https://lu.etvplayvideos.com/UX2kv3G89Jw/v,lu.etvplayvideos.com,Zazie Productions,"Spam, Scraper, Syndication, SEO-Poisoning & Low-Trust",D,link_dump,,,unverified,"[LOWTRUST YT-MIRROR/SUSPICIOUS-MIRROR] Auto-embed YouTube mirror of video UX2kv3G89Jw (""Phantom Requiem""); name appears via scraped video metadata only."
https://lu.etvplayvideos.com/UX2kv3G89Jw/video-not-available,lu.etvplayvideos.com,Zazie Productions,"Spam, Scraper, Syndication, SEO-Poisoning & Low-Trust",D,link_dump,,,unverified,"[LOWTRUST YT-MIRROR/SUSPICIOUS-MIRROR] Auto-embed YouTube mirror of video UX2kv3G89Jw (""Phantom Requiem""); name appears via scraped video metadata only."
https://lu.etvplayvideos.com/UX2kv3G89Jw/w,lu.etvplayvideos.com,Zazie Productions,"Spam, Scraper, Syndication, SEO-Poisoning & Low-Trust",D,link_dump,,,unverified,"[LOWTRUST YT-MIRROR/SUSPICIOUS-MIRROR] Auto-embed YouTube mirror of video UX2kv3G89Jw (""Phantom Requiem""); name appears via scraped video metadata only."
https://www.musiclessons.com/youtube/watch?v=UX2kv3G89Jw,musiclessons.com,Zazie Productions,"Spam, Scraper, Syndication, SEO-Poisoning & Low-Trust",D,link_dump,,,unverified,"[LOWTRUST YT-MIRROR/INJECTED-EMBED] Auto-embed YouTube mirror of video UX2kv3G89Jw (""Phantom Requiem""); name appears via scraped video metadata only."
https://www.newtv.co.th/demo/web/video.php?v=UX2kv3G89Jw,newtv.co.th,Zazie Productions,"Spam, Scraper, Syndication, SEO-Poisoning & Low-Trust",D,link_dump,,,unverified,"[LOWTRUST YT-MIRROR/INJECTED-EMBED] Auto-embed YouTube mirror of video UX2kv3G89Jw (""Phantom Requiem""); name appears via scraped video metadata only."
https://www.nsfwyoutube.com/watch?v=UX2kv3G89Jw,nsfwyoutube.com,Zazie Productions,"Spam, Scraper, Syndication, SEO-Poisoning & Low-Trust",D,link_dump,,,unverified,"[LOWTRUST YT-MIRROR/SUSPICIOUS-MIRROR] Auto-embed YouTube mirror of video UX2kv3G89Jw (""Phantom Requiem""); name appears via scraped video metadata only."
https://pakvim.net/watch/UX2kv3G89Jw,pakvim.net,Zazie Productions,"Spam, Scraper, Syndication, SEO-Poisoning & Low-Trust",D,link_dump,,,unverified,"[LOWTRUST YT-MIRROR/TOOL-MIRROR] Auto-embed YouTube mirror of video UX2kv3G89Jw (""Phantom Requiem""); name appears via scraped video metadata only."
https://polsy.org.uk/play/yt/?vurl=https://www.youtube.com/watch?v=UX2kv3G89Jw,polsy.org.uk,Zazie Productions,"Spam, Scraper, Syndication, SEO-Poisoning & Low-Trust",D,link_dump,,,unverified,"[LOWTRUST YT-MIRROR/INJECTED-EMBED] Auto-embed YouTube mirror of video UX2kv3G89Jw (""Phantom Requiem""); name appears via scraped video metadata only."
https://salda.ws/video.php?id=UX2kv3G89Jw,salda.ws,Zazie Productions,"Spam, Scraper, Syndication, SEO-Poisoning & Low-Trust",D,link_dump,,,unverified,"[LOWTRUST YT-MIRROR/TOOL-MIRROR] Auto-embed YouTube mirror of video UX2kv3G89Jw (""Phantom Requiem""); name appears via scraped video metadata only."
https://socialcounts.org/youtube-video-live-view-count/UX2kv3G89Jw,socialcounts.org,Zazie Productions,"Spam, Scraper, Syndication, SEO-Poisoning & Low-Trust",D,link_dump,,,unverified,"[LOWTRUST YT-MIRROR/TOOL-MIRROR] Auto-embed YouTube mirror of video UX2kv3G89Jw (""Phantom Requiem""); name appears via scraped video metadata only."
https://www.stb.hu/youtube/UX2kv3G89Jw,stb.hu,Zazie Productions,"Spam, Scraper, Syndication, SEO-Poisoning & Low-Trust",D,link_dump,,,unverified,"[LOWTRUST YT-MIRROR/INJECTED-EMBED] Auto-embed YouTube mirror of video UX2kv3G89Jw (""Phantom Requiem""); name appears via scraped video metadata only."
https://thewikihow.com/video_UX2kv3G89Jw,thewikihow.com,Zazie Productions,"Spam, Scraper, Syndication, SEO-Poisoning & Low-Trust",D,link_dump,,,unverified,"[LOWTRUST YT-MIRROR/UNKNOWN-MIRROR] Auto-embed YouTube mirror of video UX2kv3G89Jw (""Phantom Requiem""); name appears via scraped video metadata only."
https://www.topsheetmusic.eu/sysmusic/templates/youtube.php?v=UX2kv3G89Jw,topsheetmusic.eu,Zazie Productions,"Spam, Scraper, Syndication, SEO-Poisoning & Low-Trust",D,link_dump,,,verified-partial,[LOWTRUST YT-MIRROR/INJECTED-EMBED] Misused template path on a music-site; page renders video only.
https://www.tvonlayn.ru/video/UX2kv3G89Jw,tvonlayn.ru,Zazie Productions,"Spam, Scraper, Syndication, SEO-Poisoning & Low-Trust",D,link_dump,,,unverified,"[LOWTRUST YT-MIRROR/INJECTED-EMBED] Auto-embed YouTube mirror of video UX2kv3G89Jw (""Phantom Requiem""); name appears via scraped video metadata only."
https://video.link/watch?v=UX2kv3G89Jw,video.link,Zazie Productions,"Spam, Scraper, Syndication, SEO-Poisoning & Low-Trust",D,link_dump,,,unverified,"[LOWTRUST YT-MIRROR/TOOL-MIRROR] Auto-embed YouTube mirror of video UX2kv3G89Jw (""Phantom Requiem""); name appears via scraped video metadata only."
https://viewsync-2.appspot.com/player.html?v=UX2kv3G89Jw,viewsync-2.appspot.com,Zazie Productions,"Spam, Scraper, Syndication, SEO-Poisoning & Low-Trust",D,link_dump,,,unverified,"[LOWTRUST YT-MIRROR/TOOL-MIRROR] Auto-embed YouTube mirror of video UX2kv3G89Jw (""Phantom Requiem""); name appears via scraped video metadata only."
https://viewsync.net/watch?v=UX2kv3G89Jw&t=0&mode=solo&autoplay=false,viewsync.net,Zazie Productions,"Spam, Scraper, Syndication, SEO-Poisoning & Low-Trust",D,link_dump,,,unverified,"[LOWTRUST YT-MIRROR/TOOL-MIRROR] Auto-embed YouTube mirror of video UX2kv3G89Jw (""Phantom Requiem""); name appears via scraped video metadata only."
https://www.vtomb.com/?watch=UX2kv3G89Jw,vtomb.com,Zazie Productions,"Spam, Scraper, Syndication, SEO-Poisoning & Low-Trust",D,link_dump,,,unverified,"[LOWTRUST YT-MIRROR/TOOL-MIRROR] Auto-embed YouTube mirror of video UX2kv3G89Jw (""Phantom Requiem""); name appears via scraped video metadata only."
https://www.vtomb.com/video/UX2kv3G89Jw,vtomb.com,Zazie Productions,"Spam, Scraper, Syndication, SEO-Poisoning & Low-Trust",D,link_dump,,,unverified,"[LOWTRUST YT-MIRROR/TOOL-MIRROR] Auto-embed YouTube mirror of video UX2kv3G89Jw (""Phantom Requiem""); name appears via scraped video metadata only."
https://yewtu.be/watch?v=UX2kv3G89Jw,yewtu.be,Zazie Productions,"Spam, Scraper, Syndication, SEO-Poisoning & Low-Trust",D,link_dump,,,unverified,"[LOWTRUST YT-MIRROR/TOOL-MIRROR] Auto-embed YouTube mirror of video UX2kv3G89Jw (""Phantom Requiem""); name appears via scraped video metadata only."
https://youplay.nimtools.com/watch/?v=UX2kv3G89Jw,youplay.nimtools.com,Zazie Productions,"Spam, Scraper, Syndication, SEO-Poisoning & Low-Trust",D,link_dump,,,unverified,"[LOWTRUST YT-MIRROR/TOOL-MIRROR] Auto-embed YouTube mirror of video UX2kv3G89Jw (""Phantom Requiem""); name appears via scraped video metadata only."
https://www.youtube-nocookie.com/embed/UX2kv3G89Jw,youtube-nocookie.com,Zazie Productions,"Spam, Scraper, Syndication, SEO-Poisoning & Low-Trust",D,link_dump,,,unverified,"[LOWTRUST YT-MIRROR/EMBED-CANONICAL] Auto-embed YouTube mirror of video UX2kv3G89Jw (""Phantom Requiem""); name appears via scraped video metadata only."
https://www.youtuberepeater.com/watch?v=UX2kv3G89Jw#gsc.tab=0,youtuberepeater.com,Zazie Productions,"Spam, Scraper, Syndication, SEO-Poisoning & Low-Trust",D,link_dump,,,unverified,"[LOWTRUST YT-MIRROR/TOOL-MIRROR] Auto-embed YouTube mirror of video UX2kv3G89Jw (""Phantom Requiem""); name appears via scraped video metadata only."
https://youtubu.tv/watch?v=UX2kv3G89Jw,youtubu.tv,Zazie Productions,"Spam, Scraper, Syndication, SEO-Poisoning & Low-Trust",D,link_dump,,,unverified,"[LOWTRUST YT-MIRROR/TYPOSQUAT-MIRROR] Auto-embed YouTube mirror of video UX2kv3G89Jw (""Phantom Requiem""); name appears via scraped video metadata only."
https://yt.nimlinks.com/@zazieproductions,yt.nimlinks.com,Zazie Productions,"Spam, Scraper, Syndication, SEO-Poisoning & Low-Trust",D,link_dump,,,unverified,"[LOWTRUST YT-MIRROR/TOOL-PROFILE-MIRROR] Auto-embed YouTube mirror of video UX2kv3G89Jw (""Phantom Requiem""); name appears via scraped video metadata only."
https://yt.nimlinks.com/UX2kv3G89Jw,yt.nimlinks.com,Zazie Productions,"Spam, Scraper, Syndication, SEO-Poisoning & Low-Trust",D,link_dump,,,unverified,"[LOWTRUST YT-MIRROR/TOOL-PROFILE-MIRROR] Auto-embed YouTube mirror of video UX2kv3G89Jw (""Phantom Requiem""); name appears via scraped video metadata only."
https://www.ytrepeat.com/watch/?v=UX2kv3G89Jw,ytrepeat.com,Zazie Productions,"Spam, Scraper, Syndication, SEO-Poisoning & Low-Trust",D,link_dump,,,unverified,"[LOWTRUST YT-MIRROR/TOOL-MIRROR] Auto-embed YouTube mirror of video UX2kv3G89Jw (""Phantom Requiem""); name appears via scraped video metadata only."
https://manicworldmagazine.com/zazie-kanwar-torge/,manicworldmagazine.com,Zazie Kanwar-Torge,Press & Editorial,B,research,2026-09-04,Zazie Kanwar-Torge | Manic World Magazine,verified,"""Zazie Kanwar-Torge, professionally known as Zazie Productions""; found via searx.ononoki.org (yahoo/bing/fynd)"
https://www.beatport.com/artist/zazie-productions/1440962/tracks,beatport.com,Zazie Productions,Streaming & Music Platforms,B,research,2026-09-04,Zazie Productions | Beatport (tracks),verified,Artist page; 1 YEAR ANNIVERSARY on The Elements Of Tech & Bass Recordings; found via paulgo.io (google cse)
https://github.com/zazieproductions,github.com,Zazie Productions,Official Properties & Channels,A,research,2026-09-04,zazieproductions (Zazie Productions) | GitHub,verified,Official GitHub; README titled ZAZIE PRODUCTIONS; found via search.lumy.live (yandex/seznam)
https://openfilmzone.com/videos/phantom-requiem/,openfilmzone.com,Zazie Productions,"Film, Festivals & Exhibitions",B,research,2026-09-04,Phantom Requiem | Open Film Zone,verified,"""experimental short film by Zazie Kanwar-Torge""; copyright Zazie Productions LLC; found via search.lumy.live (yandex/seznam)"
https://www.legateaugallery.com/zazie-productions.html,legateaugallery.com,Zazie Productions,"Film, Festivals & Exhibitions",B,research,2026-09-04,Zazie Productions | LE GATEAU GALLERY,verified,"""Zazie Kanwar-Torge, professionally known as Zazie Productions""; found via search.lumy.live (yandex/seznam)"
https://www.slated.com/people/134406/,slated.com,Zazie Kanwar-Torge,Profiles & Catalogs,B,research,2026-09-04,Zazie Kanwar-Torge | Slated,verified,"""Zazie Kanwar-Torge, known professionally as Zazie Productions""; found via search.lumy.live (yandex/seznam)"
https://manicworldmagazine.com/zazie-kanwar-torge-the-hour-collapses-inward/,manicworldmagazine.com,Zazie Kanwar-Torge,Press & Editorial,B,research,2026-09-04,Zazie Kanwar-Torge - The Hour Collapses Inward | Manic World Magazine,verified,Work-specific article; found via search.lumy.live (yandex/seznam)
https://www.shazam.com/song/6771371298/vibroscriptorium,shazam.com,Zazie Productions,Streaming & Music Platforms,B,research,2026-09-04,Vibroscriptorium - Zazie Productions | Shazam,verified,Song page; writer/composer Zazie Kanwar-Torge; found via search.lumy.live (yandex/seznam)
https://equipboard.com/pros/zazie-productions,equipboard.com,Zazie Productions,Profiles & Catalogs,B,research,2026-09-04,Zazie Productions | Equipboard,verified,Artist/gear profile referencing MUSE Online profile; found via search.lumy.live (yandex/seznam)
https://github.com/zazieproductions/void-oculus,github.com,Zazie Productions,Official Properties & Channels,A,research,2026-09-04,VOID//OCULUS | zazieproductions,verified,"Register #108 built project; 19 stars; live at zazieproductions.github.io/void-oculus; org renders ""Zazie Productions"""
https://github.com/zazieproductions/Contrapuntal-Academic-Nonsense-Engine,github.com,Zazie Productions,Official Properties & Channels,A,research,2026-09-04,Contrapuntal Academic Nonsense Engine | zazieproductions,verified,"Register #105 (Recursive Musicology) built project; org renders ""Zazie Productions"""
https://github.com/zazieproductions/Spectra-DSP-Visualizer-Architecture,github.com,Zazie Productions,Official Properties & Channels,A,research,2026-09-04,SPECTRA//LAB (DSP Visualizer) | zazieproductions,verified,"Register #107 built project; org renders ""Zazie Productions"""
https://github.com/zazieproductions/interactive-harsh-noise-generator,github.com,Zazie Productions,Official Properties & Channels,A,research,2026-09-04,Interactive Harsh Noise Generator (NOISE WALL) | zazieproductions,verified,"Register #109 built project; org renders ""Zazie Productions"""
https://thevanishingpointsyndicate.bandcamp.com/album/dissonance-index-vol-1-various-artists,thevanishingpointsyndicate.bandcamp.com,Zazie Productions,Profiles & Catalogs,B,research,2026-09-04,Dissonance Index Vol. 1 | The Vanishing Point Syndicate,verified,"Register #38 netlabel; tracklist renders exact ""[Zazie Productions - Pyrogenesis]"""
https://thevanishingpointsyndicate.bandcamp.com/track/pyrogenesis,thevanishingpointsyndicate.bandcamp.com,Zazie Productions,Music Discography,B,research,2026-09-04,Pyrogenesis | Zazie Productions,verified,"Page title ""Pyrogenesis | Zazie Productions | The Vanishing Point Syndicate""; exact-name credit"
https://connects.canyoncinema.com/projects/films-for-freedom/,connects.canyoncinema.com,Zazie Kanwar-Torge,"Film, Festivals & Exhibitions",B,research,2026-09-04,Films for Freedom – Canyon Cinema Connects,verified,"Participating Filmmakers list renders exact ""Zazie Kanwar-Torge""; Film-Makers Co-op + Canyon Cinema 2025 project"
https://ogre.red/issues/2025-12/2025-12-kanwar-torge-zazie/,ogre.red,Zazie Kanwar-Torge,Publications & Recognition,B,research,2026-09-04,Zazie Kanwar-Torge | Zazie Productions | Red Ogre Review,verified,"Page title + About the Artist render exact ""Zazie Kanwar-Torge, professionally known as Zazie Productions""; Dec 2025 issue"
https://z-dimension.org/shards-vol-1/,z-dimension.org,Zazie Productions,Music Compilations,B,research,2026-09-04,SHARDS // Vol.1 – Z-Dimension Compilation,verified,"Track 16 listed exact ""Zazie Productions — Vibroscriptorium""; compilation released Mar 19 2026; links to z-dimension.bandcamp.com"
https://www.tickettailor.com/events/motherof/2336870,www.tickettailor.com,Zazie Kanwar-Torge,"Film, Festivals & Exhibitions",B,research,2026-09-04,Purchase Tickets – Swinewomb – The West End Theater,verified,"Theater production ""Swinewomb"" by Mother Of Productions; Creative Team lists ""Composer — Zazie Kanwar-Torge"" exact; matches Register #50 Swinewomb scoring"
https://www.stage32.com/media/3838211664293930413,www.stage32.com,Zazie Kanwar-Torge,Video Mirror / Backlink Sites,B,research,2026-09-04,Mike has a visitor - a sleep paralysis horror short film | Zazie Kanwar-Torge,verified,"Stage 32 video page; ""Score by Zazie Kanwar-Torge A.K.A Zazie Productions"" exact both names; short by Marco Saikaley"
https://www.soundshiva.net/release/various-artists-music-inspired-by-mulholland-drive,www.soundshiva.net,Zazie Productions,Music Compilations,B,research,2026-09-04,Release Music Inspired by Mulholland Drive,verified,"Dawn of Darkness netlabel tracklist page; Links section renders exact ""Zazie Productions: https://zazieproductions.bandcamp.com/""; released 28 Mar 2026"
https://www.shazam.com/song/6771371302/crt-204-bone-static,www.shazam.com,Zazie Productions,Streaming & Music Platforms,B,research,2026-09-04,CRT-204 Bone Static - Zazie Productions,verified,"Song page from Anesthesia for the Signal Age (May 19 2026); renders ""Zazie Productions"" + ""released by Zazie Productions LLC"""
https://musicbrainz.org/artist/b610b4cb-87da-44d7-a262-2bd65fb8098c,musicbrainz.org,Zazie Productions,"Community, Wiki & Fan Indexes",B,research,2026-09-04,Zazie Productions - MusicBrainz,verified,"Structured music metadata artist entity; renders ""Zazie Productions"" exact; linked from Psych Against Cancer Vol 3 release tracklist"
https://hackaday.io/project/204427-photon-flux-analyzer-v2-reverse-bias-led-sensor,hackaday.io,Zazie Kanwar-Torge,Official Properties & Channels,B,research,2026-09-04,Photon Flux Analyzer v2 — Reverse-Bias LED Sensor | Hackaday.io,verified,"R&D hardware project page; renders ""Zazie Kanwar-Torge"" exact (author + log byline); links to hackaday.io/ZazieProductions"
https://www.shazam.com/song/1894640537/rhapsody-of-the-unplayable-hand,www.shazam.com,Zazie Productions,Streaming & Music Platforms,B,research,2026-09-04,Rhapsody of the Unplayable Hand - Zazie Productions,verified,"Shazam song page renders ""Zazie Productions"" title; composer Zazie Kanwar-Torge (Автор песен)"
https://www.soundshiva.net/release/various-artists-i-want-to-believe-x-files-tribute,www.soundshiva.net,Zazie Productions,Music Compilations,B,research,2026-09-04,Release I want to Believe (X-files Tribute),verified,"Dawn of Darkness netlabel; Links section renders exact ""Zazie Productions: https://zazieproductions.bandcamp.com/""; released 17 Jul 2026 (Register #19 Trust No Signal track)"
https://github.com/zazieproductions/spectra-lab,github.com,Zazie Productions,Official Properties & Channels,A,research,2026-09-04,SPECTRA//LAB | zazieproductions,verified,"Register #107 SPECTRA//LAB built project; org renders ""Zazie Productions"""
https://opensea.io/ZazieProductions,opensea.io,Zazie Productions,Profiles & Catalogs,B,research,2026-09-04,ZazieProductions - Profile | OpenSea,verified,"NFT/marketplace profile renders exact contiguous ""ZazieProductions"""
https://sequencer.party/users/175,sequencer.party,Zazie Productions,"Community, Wiki & Fan Indexes",C,research,2026-09-04,ZazieProductions | Sequencer.party,verified,"Music-sequencer community profile renders exact ""ZazieProductions"""
https://x.com/zazieoverlord,x.com,Zazie Productions,Profiles & Catalogs,B,research,2026-09-04,ZazieProductions (@zazieoverlord),verified,"Twitter/X account display name ""ZazieProductions (@zazieoverlord)""; handle-based variant"
https://www.gamedevmarket.net/member/zazieproductions,www.gamedevmarket.net,Zazie Productions,Profiles & Catalogs,B,research,2026-09-04,ZazieProductions's Profile | GameDev Market,verified,"Game-asset marketplace profile renders exact ""ZazieProductions""; sells ""Galactic Requiem"" (Register #79)"
https://promptbase.com/profile/zazieproductions,promptbase.com,Zazie Productions,Profiles & Catalogs,B,research,2026-09-04,zazieproductions | PromptBase Profile,verified,"Prompt marketplace profile/handle renders exact ""zazieproductions""; joined Apr 2023"
https://zazieproductions.itch.io/unholyanatomy,zazieproductions.itch.io,Zazie Productions,Official Properties & Channels,B,research,2026-09-05,UNHOLY ANATOMY - 200+ Body Horror SFX by Zazie Productions,verified,"itch.io horror SFX asset page; title + Author render ""Zazie Productions"" exact; published 26 days ago"
https://www.dionysianpubliclibrary.com/print-season-iii,www.dionysianpubliclibrary.com,Zazie Productions,Publications & Recognition,B,research,2026-09-05,SEASON III - Fearful Symmetries | Dionysian Public Library,verified,"Register #58 Fearful Symmetries: An Anthology of Psychedelic Horror; contributor list renders exact ""Zazie Productions"""
https://psychlovers.bandcamp.com/album/psych-against-cancer-vol-3-part-2,psychlovers.bandcamp.com,Zazie Productions,Music Compilations,C,research,2026-09-05,Psych Against Cancer Vol 3 Part 2 | Psych Lovers,verified,"Register #8 Weaponized Apathy; fan review + track credit render ""Zazie Productions""/""ZazieProductions"""
https://dittanyofcrete.bandcamp.com/album/summoning-2,dittanyofcrete.bandcamp.com,Zazie Productions,Music Compilations,C,research,2026-09-05,Summoning 2 | Dittany of Crete,verified,"Register #11 The Spirit's Bone Colored Air; bandcamp tracklist renders contiguous ""ZazieProductions"" (no-space, now counted)"
https://dittanyofcrete.bandcamp.com/album/summoning-3,dittanyofcrete.bandcamp.com,Zazie Productions,Music Compilations,C,research,2026-09-05,Summoning 3 | Dittany of Crete,verified,"Register #16 The Silence Began Crawling; bandcamp tracklist renders contiguous ""ZazieProductions"" (no-space, now counted)"
https://internetdaemon.bandcamp.com/album/music-inspired-by-mulholland-drive,internetdaemon.bandcamp.com,Zazie Productions,Music Compilations,C,research,2026-09-05,Music Inspired by Mulholland Drive | Internet Daemon,verified,"Register #10 Club Silencio Acoustic Survey; bandcamp tracklist renders contiguous ""ZazieProductions"" (no-space, now counted)"
https://archive.org/details/va-music-inspired-on-mulholland-drive,archive.org,Zazie Productions,Music Compilations,B,research,2026-09-05,VA - Music Inspired by Mulholland Drive | Internet Archive,verified,"Register #10 Club Silencio Acoustic Survey; tracklist renders exact ""- Zazie Productions"" (space form); Dawn of Darkness netlabel archive"
https://www.amazon.com/Fearful-Symmetries-Anthology-Psychedelic-Anthologies/dp/B0GFXWQ5YB,www.amazon.com,Zazie Productions,Publications & Recognition,C,research,2026-09-05,Fearful Symmetries: An Anthology of Psychedelic Horror | Amazon,verified,"Register #58; product contributor/description renders contiguous ""ZazieProductions"" (no-space, now counted)"
https://pebblesunderground.art/surr-meta-round/,pebblesunderground.art,Zazie Productions,"Film, Festivals & Exhibitions",B,research,2026-09-05,SURR-META-ROUND | Pebbles Underground,verified,"Winter Screenings 2024 program; renders ""PHANTOM REQUIEM by Zazie Kanwar-Torge (Zazie Productions) | USA (2024) - JURY SPECIAL MENTION"" exact"
https://github.com/zazieproductions/Conic-Vortex,github.com,Zazie Productions,Official Properties & Channels,B,research,2026-09-05,Conic-Vortex | zazieproductions,verified,"Register #103 Vortex AV Engine / #110 yyyyyyyy.info preservation package; repo description begins ""YYYYYYYY is a real-time generative web application""; org ""zazieproductions"" renders ""Zazie Productions"""
https://plataformarecs.bandcamp.com/album/v-a-frida-kahlo,plataformarecs.bandcamp.com,Zazie Productions,Music Compilations,C,research,2026-09-05,V..A - Frida Kahlo | Plataforma Recs,verified,"Register #5 Frida and the Broken Column; tracklist renders ""Zazie Productions - Frida and the Broken Column"" exact (space)"
https://plataformarecs.bandcamp.com/album/v-a-noise-around-the-world-14,plataformarecs.bandcamp.com,Zazie Productions,Music Compilations,C,research,2026-09-05,V.A - Noise Around the World.14 | Plataforma Recs,verified,"Register #7 Pyrogenesis; tracklist renders ""Zazie Productions - Pyrogenesis"" exact (space)"
https://plataformarecs.bandcamp.com/track/zazie-productions-pyrogenesis,plataformarecs.bandcamp.com,Zazie Productions,Music Discography,C,research,2026-09-05,Zazie Productions - Pyrogenesis | Plataforma Recs,verified,"Register #7; track credit page renders ""Zazie Productions"" exact"
https://gelombangaudiozine.bandcamp.com/album/issue-52-field-recording-vol-4,gelombangaudiozine.bandcamp.com,Zazie Productions,Music Compilations,C,research,2026-09-05,Issue 52: Field Recording Vol. 4 | Gelombang Audiozine,verified,"Register #17 Pond at Night Cicadas / Wildlife Binaural; track 11 renders ""Zazie Productions - Pond at Night Cicadas / Wildlife Binaural"" exact; bio lists ""and Zazie Productions"""
https://thehillsaredead.bandcamp.com/album/its-only-hnw-but-i-like-it-ix,thehillsaredead.bandcamp.com,Zazie Productions,Music Compilations,C,research,2026-09-05,IT'S ONLY HNW (BUT I LIKE IT) IX | The Hills Are Dead,verified,"Register #15 Obelisk of Static Collapse; track 8 + thanks list render ""ZAZIE PRODUCTIONS - Obelisk of Static Collapse"" / ""ZAZIE PRODUCTIONS (U.S.A.)"" exact"
https://itch.io/c/5777018/zazie-productions-collection-vol-2,itch.io,Zazie Productions,Official Properties & Channels,B,research,2026-09-05,Zazie Productions' Collection Vol. 2 - itch.io,verified,"Public itch.io collection; renders ""Zazie Productions"" exact; links zazieproductions.itch.io"
https://youtube.com/playlist?list=OLAK5uy_ngubRtLWcNXLotccVBhDFrdueOi4531G4,youtube.com,Zazie Productions,Streaming & Music Platforms,C,research,2026-09-05,ZazieProductions — YouTube playlist,verified,"YouTube auto-generated playlist renders ""ZazieProductions"" exact"
https://www.thepromptindex.com/prompt.php?id=1040,www.thepromptindex.com,Zazie Productions,Profiles & Catalogs,C,research,2026-09-05,Note Omni-Architect | AI Prompt by Zazie Productions,verified,"AI-prompt index; renders ""By Zazie Productions"" exact; 126 upvotes / 1572 views"
https://archive.org/details/v-a-i-want-to-believe,archive.org,Zazie Productions,Music Compilations,B,research,2026-09-05,V/A - I want to Believe (X-files Tribute) | Internet Archive,verified,"Register #19 Trust No Signal; Links section renders ""ZazieProductions: https://zazieproductions.bandcamp.com/"" exact (no-space)"
https://internetdaemon.bandcamp.com/album/experiments-on-the-witch-house-selected-tracks,internetdaemon.bandcamp.com,Zazie Productions,Music Compilations,C,research,2026-09-05,Experiments on the Witch House [selected tracks] | Internet Daemon,verified,"Register #6 The Høuse FΩrgøt Its Name / Hex Ritual; track 4 + artist links render ""Zazie Productions - The Høuse FΩrgøt Its Name / Hex Ritual"" / ""▼ Zazie Productions: zazieproductions.bandcamp.com"" exact"
https://brutalizerecs.bandcamp.com/album/frequ-ncias-cadav-ricas-volume-i-compila-o,brutalizerecs.bandcamp.com,Zazie Productions,Music Compilations,C,research,2026-09-05,Frequências Cadavéricas - Volume I (Compilação) | Brutalize Netlabel,verified,"Register #13 Negative Organ Function; track 11 renders ""Zazie Productions - Negative Organ Function"" exact"
https://gelombangaudiozine.bandcamp.com/album/issue-51-field-recording-vol-3,gelombangaudiozine.bandcamp.com,Zazie Productions,Music Compilations,C,research,2026-09-05,Issue 51: Field Recording Vol. 3 | Gelombang Audiozine,verified,"Register #12 R09 Recording Water Pond Collage; track 9 renders ""Zazie Productions - R09 Recording Water Pond Collage"" exact; bio lists ""and Zazie Productions"""
https://terminalfutureindustries.bandcamp.com/album/ecstatic-feedback-ii-a-terminal-future-industries-compilation-part-1,terminalfutureindustries.bandcamp.com,Zazie Productions,Music Compilations,C,research,2026-09-05,Ecstatic Feedback II: A Terminal Future Industries Compilation [PART 1],verified,"Register #18 Egregore Intrasound; track 4 renders ""Zazie Productions - Egregore Intrasound"" exact"
https://dittanyofcrete.bandcamp.com/album/summoning-1,dittanyofcrete.bandcamp.com,Zazie Productions,Music Compilations,C,research,2026-09-05,Summoning 1 | Dittany of Crete,verified,"Register #6 The Høuse FΩrgøt Its Name / Hex Ritual; tracklist renders contiguous ""ZazieProductions""/""Zazie Productions"" exact"
https://samplefocus.com/users/zazie-productions,samplefocus.com,Zazie Productions,Profiles & Catalogs,B,research,2026-09-05,Zazie Productions's Free Audio Samples | Sample Focus,verified,"Sample marketplace profile; page renders ""Zazie Productions"" exact; Asheville NC; 9 uploads / 116 downloads / 206 favorites"
https://www.lyrics.com/artist/Zazie-Productions/2138620235,www.lyrics.com,Zazie Productions,"Community, Wiki & Fan Indexes",C,research,2026-09-05,"Zazie Productions Lyrics, Songs and Albums | Lyrics.com",verified,"Lyrics/audio index; renders ""Zazie Productions"" exact; songs incl. Miraculously Unhurt, Stunning That You'd Care, Well Meaning Neurotypicals, Frost Directive XIII"
https://a2b2.org/users/ZazieProductions,a2b2.org,Zazie Productions,Profiles & Catalogs,C,research,2026-09-05,[A2B2] User ZazieProductions,verified,"A2B2 music community profile; renders ""ZazieProductions"" exact; posts ""To Halt Space Adrift"", ""Continuum of Madness"""
https://pixabay.com/sound-effects/city-demolition-site-field-recording-344011/,pixabay.com,Zazie Productions,"Community, Wiki & Fan Indexes",C,research,2026-09-05,Demolition Site (Field Recording) | Pixabay,verified,"Renders ""Demolition Site (Field Recording) zazieproductions"" exact (no-space)"
https://archive.org/details/ju-on-the-music-compilation,archive.org,Zazie Productions,Music Compilations,B,research,2026-09-05,V/A - Ju-On (呪怨) The music compilation | Internet Archive,verified,"Links section renders ""Zazie Productions: https://zazieproductions.bandcamp.com"" exact"
https://sequencer.party/projects/327,sequencer.party,Zazie Productions,"Community, Wiki & Fan Indexes",C,research,2026-09-05,ZazieProductions's project | Sequencer.party,verified,"Renders ""ZazieProductions"" exact; project page"
https://www.cyberneticfutures.com/infinite-self-pavilion,www.cyberneticfutures.com,Zazie Productions,"Film, Festivals & Exhibitions",B,research,2026-09-05,Infinite Self Pavilion | The Wrong Biennale Curator Dr Lila Moore,verified,"Register #64 Wrong Biennale / Infinite Self Pavilion; artist list renders ""...Zazie Productions, Garrett Lynch IRL..."" exact; Nov 1 2025 - Mar 31 2026"
https://soundsforthesoul.bandcamp.com/album/the-undead,soundsforthesoul.bandcamp.com,Zazie Productions,Music Compilations,C,research,2026-09-05,The Undead | Sounds for the Soul Records,verified,"Track 7 renders ""Zazie Productions - Zombies Were People Too"" exact"
https://thesqueakywheel.org/author/zazieproductions/,thesqueakywheel.org,Zazie Productions,"Community, Wiki & Fan Indexes",C,research,2026-09-05,"zazieproductions, Author at The Squeaky Wheel",verified,"Author page renders ""zazieproductions"" exact (no-space, counted)"
https://itch.io/post/12575624,itch.io,Zazie Productions,"Community, Wiki & Fan Indexes",C,research,2026-09-05,Post by Zazie Productions in [Composers][voice actors][Rev Share] - itch.io,verified,"itch.io forum post by ""Zazie Productions"" exact; links linktr.ee/zazieproductions"
https://www.lyrics.com/lyric-lf/16514291/Zazie+Productions/Well+Meaning+Neurotypicals,www.lyrics.com,Zazie Productions,Lyrics & Music Databases,C,research,2026-09-05,Zazie Productions - Well Meaning Neurotypicals Lyrics | Lyrics.com,verified,"lyrics page renders ""Zazie Productions"" exact; written by Zazie Torge; Lyrics © O/B/O DistroKid"
https://itch.io/c/5777074/zazie-productions-collection-vol-3,itch.io,Zazie Productions,"Community, Wiki & Fan Indexes",C,research,2026-09-05,Zazie Productions' Collection Vol. 3 - itch.io,verified,"collection by ""Zazie Productions"" exact; links zazieproductions.itch.io"
https://www.tiktok.com/music/Well-Meaning-Neurotypicals-Low-Sensory-Instrumental-7116236683586062338,www.tiktok.com,Zazie Productions,Streaming & Music Platforms,C,research,2026-09-05,ZazieProductions - Well Meaning Neurotypicals - Low Sensory Instrumental | TikTok,verified,"TikTok music/sound page indexed by search engine as ""ZazieProductions"" exact; page blocked on direct fetch (403) but rendered in SearXNG snippet"
https://music.youtube.com/browse/UCeYo8Y6ocrsQzscw158u-tw,music.youtube.com,Zazie Productions,Official Properties & Channels,B,research,2026-09-05,Zazie Productions - YouTube Music,verified,"Distinct YouTube Music ARTIST channel (195 subscribers) renders ""Zazie Productions"" exact; full discography incl. Anesthesia for the Signal Age, Sellotape"
https://play.anghami.com/artist/14553637,play.anghami.com,Zazie Productions,Streaming & Music Platforms,B,research,2026-09-05,Zazie Productions | Play on Anghami,verified,"Anghami ARTIST page renders ""Zazie Productions"" exact; full discography (Anesthesia for the Signal Age, Sellotape, etc.); DistroKid-distributed platform"
https://internetdaemon.bandcamp.com/album/doom-a-creative-commons-music-compilation,internetdaemon.bandcamp.com,Zazie Productions,Music Compilations,C,research,2026-09-05,DOOM / A Creative Commons Music Compilation | Dawn of Darkness / Internet Daemon,verified,"Track 6 renders ""Zazie Productions - 7.4mm Under Orange Lights"" exact; credits link zazieproductions.bandcamp.com"
https://internetdaemon.bandcamp.com/track/74mm-under-orange-lights,internetdaemon.bandcamp.com,Zazie Productions,Music Compilations,C,research,2026-09-05,7.4mm Under Orange Lights | Internet Daemon,verified,"Track page for DOOM compilation; renders ""Zazie Productions"" exact"
https://www.tiktok.com/music/Well-Meaning-Neurotypicals-7116236683321821186,www.tiktok.com,Zazie Productions,Streaming & Music Platforms,C,research,2026-09-05,ZazieProductions - Well Meaning Neurotypicals | TikTok,verified,"TikTok sound/artist page (non-instrumental variant) indexed as ""ZazieProductions"" exact; blocks direct fetch (403), rendered in SearXNG snippet"
https://archive.org/details/unexplained-aerial-phenomena-report-zazie-productions,archive.org,Zazie Productions,Official Properties & Channels,C,regional_alt_pass,2026-09-05,UNEXPLAINED AERIAL PHENOMENA UFO REPORT - ZAZIE PRODUCTIONS ZP-AEP-0328-MID-FL,verified,Self-issued IA text item; creator Zazie Productions; found via IA full-text search (Pass 9)
https://archive.org/details/data-conversation-01-17675,archive.org,Zazie Productions,Official Properties & Channels,C,regional_alt_pass,2026-09-05,Zazie Productions Mystery File Dump: Vol 1,verified,Self-issued audio dump of 'Pomegranate Vortex' archive; IA full-text hit (Pass 9)
https://archive.org/details/phantom-requiem-short-film,archive.org,Zazie Productions,"Film, Festivals & Exhibitions",C,regional_alt_pass,2026-09-05,Phantom Requiem (Short Film) : Zazie Productions,verified,Official IA upload; creator Zazie Productions; CC BY-ND 4.0 (Pass 9)
https://archive.org/details/instructions-for-clean-living,archive.org,Zazie Productions,"Film, Festivals & Exhibitions",B,regional_alt_pass,2026-09-05,Instructions for Clean Living - Public Domain Day Remix Contest 2026,verified,Internet Archive institutional contest entry (internetarchivepresents collection); creator Zazie Productions (Pass 9)
https://archive.org/details/quantum-geometry-3-d-emulator,archive.org,Zazie Productions,Official Properties & Channels,C,regional_alt_pass,2026-09-05,Quantum Geometry 3D Emulator,verified,Self-issued open-source software; creator Zazie Productions (Pass 9)
https://archive.org/details/textual-exhumation-5-gnosis-of-the-null-horizon_202504,archive.org,Zazie Productions,Publications & Recognition,C,regional_alt_pass,2026-09-05,TEXTUAL EXHUMATION 5 GNOSIS OF THE NULL HORIZON,verified,Self-issued zine-text; creator Zazie Productions (Pass 9)
https://archive.org/details/img-1941_202505,archive.org,Zazie Productions,Official Properties & Channels,C,regional_alt_pass,2026-09-05,THE SEVENTH SCREEN IS DREAMING IN FRACTALS: A Zazie Productions Archive of Visual Ontoviruses,verified,Self-issued visual-art archive; creator Zazie Productions (Pass 9)
https://archive.org/details/neural_dynamics_simulation_by_cascadingforest26294535,archive.org,Zazie Productions,Official Properties & Channels,C,regional_alt_pass,2026-09-05,"NEURAL DYNAMICS SIMULATION - Unfinished Build (v0.7.3a, Zazie Productions, 2022)",verified,Self-issued unfinished software build; creator Zazie Productions (Pass 9)
https://archive.org/details/ra-codename-the-rhizosigil,archive.org,Zazie Productions,Publications & Recognition,C,regional_alt_pass,2026-09-05,OBJECT #Delta-NEMEK-77/RA (Codename: THE RHIZOSIGIL),verified,Zine in Internet Archive's zines collection; creator Zazie Productions (Pass 9)
https://archive.org/details/textual-exhumations-unicode,archive.org,Zazie Productions,Publications & Recognition,C,regional_alt_pass,2026-09-05,TEXTUAL EXHUMATIONS UNICODE,verified,Self-issued textual work (Larynx-Vortex Sutra); creator Zazie Productions (Pass 9)
https://archive.org/details/5-bb-30-b-4-b-a-4-a-0-4-fff-94-cc-22-f-0-fceda-667,archive.org,Zazie Productions,Official Properties & Channels,C,regional_alt_pass,2026-09-05,https://www.yyyyyyy.info (lost animation sequence),verified,"IA archival record; creator 'Zazie Productions, yyyyyyy.info' (Pass 9)"
https://archive.org/details/va-doom-a-creative-commons-music-compilation,archive.org,Zazie Productions,Music Compilations,C,regional_alt_pass,2026-09-05,V/A - DOOM / A Creative Commons Music Compilation,verified,Archive.org copy; track 6 'Zazie Productions - 7.4mm Under Orange Lights' (Pass 9)
https://archive.org/details/experiments-on-the-witch-house,archive.org,Zazie Productions,Music Compilations,C,regional_alt_pass,2026-09-05,V/A - Experiments on the Witch House,verified,Archive.org full-album copy; Zazie track in tracklist; IA full-text hit (Pass 9)
https://archive.org/details/arrhythnia-discography,archive.org,Zazie Productions,Music Compilations,C,regional_alt_pass,2026-09-05,(Label) arrhythNia Discography,verified,Label-discography mirror incl. 'Amnesia X Zazie Productions - Oliver Schoeffler Split (aNr124)' (Pass 9)
https://archive.org/details/liquid-phosphorus-4-33,archive.org,Zazie Productions,Official Properties & Channels,C,regional_alt_pass,2026-09-05,Zazie Productions Mystery File Dump: Vol 2,search-index verified,IA full-text title match (Pass 9); Bandcamp Liquid Phosphorus track is a separate known record
https://archive.org/details/sepsis-d-iaa-i3d-iai-i3d-i-ia-i3da-iia-i3di-ia-i3-d-ia-i3d-iia-i3di-ia-i3d,archive.org,Zazie Productions,Video Mirror / Backlink Sites,C,regional_alt_pass,2026-09-05,Sepsis (unicode-styled title) - IA video item,search-index verified,IA full-text hit; exhibition page (newmediartspace) already master (Pass 9)
https://metapsychosis.com/creative-agents/zazie-productions/,metapsychosis.com,Zazie Productions,Profiles & Catalogs,B,regional_alt_pass,2026-09-05,Zazie Productions | Metapsychosis,verified,Edited literary-magazine creative-agent profile; found via Yep (Pass 9)
https://getheard.fm/producers/zazie-productions,getheard.fm,Zazie Productions,Profiles & Catalogs,C,regional_alt_pass,2026-09-05,Zazie Productions - Music Producer contact & submission info - Heard,verified,Industry contact database page w/ services & credits; found via OceanHero/Bing (Pass 9)
https://ok.ru/music/artist/122911094866528,ok.ru,Zazie Productions,Streaming & Music Platforms,C,regional_alt_pass,2026-09-05,Zazie Productions - OK Music artist page,verified,First OK.ru (Odnoklassniki) artist record; also locates '1 YEAR ANNIVERSARY' album at ok.ru/music/album/123001281196995 (previously unresolved listen link); found via Mail.ru/Yandex path (Pass 9)
https://github.com/zazieproductions/zazieproductions,github.com,Zazie Productions,Official Properties & Channels,C,regional_alt_pass,2026-09-05,GitHub - zazieproductions/zazieproductions,verified,Profile README repo ('ZAZIE PRODUCTIONS // EXPERIMENTAL SOFTWARE FOR UNSTABLE SIGNALS'); found via Mail.ru/Yandex path (Pass 9)
https://zazieproductions.gumroad.com/l/plugin,gumroad.com,Zazie Productions,Official Properties & Channels,C,regional_alt_pass,2026-09-05,"World's Strangest Plug-in Mega-Vault: 200+ Banned, Cursed, and Unhinged VSTs",verified,Gumroad storefront product page ('A Final Note from Zazie Productions'); found via Walla! (Pass 9)
https://www.reverbnation.com/zazieproductions,reverbnation.com,Zazie Productions,Streaming & Music Platforms,C,regional_alt_pass,2026-09-05,Zazie Productions | ReverbNation,search-index verified,Root profile (/songs + /videos already master); snippet via OceanHero/Bing (Pass 9)
https://music.yandex.ru/artist/17856702/tracks,music.yandex.ru,Zazie Productions,Streaming & Music Platforms,C,regional_alt_pass,2026-09-05,Zazie Productions - Yandex Music artist,search-index verified,"First Yandex Music artist record; region-blocked on fetch, Yandex-index snippet verified via Mail.ru path (Pass 9)"
https://spacehey.com/profile?id=3044031,spacehey.com,Zazie Productions,"Community, Wiki & Fan Indexes",C,regional_alt_pass,2026-09-05,Zazie Productions's Profile | SpaceHey,search-index verified,Profile page; fetch region-blocked (VA age-verification); title verified in Yep/Brave index (Pass 9)
https://www.boomplay.com/lyrics/151661449,boomplay.com,Zazie Productions,"Spam, Scraper, Syndication, SEO-Poisoning & Low-Trust",D,research,2026-09-05,"Zazie Productions Goodnight, Farewell Lyrics",search-index verified,"[LOWTRUST AUTOGEN-DATA/AUTOGEN-METADATA] search snippet 2026-09-05: ""Goodnight, Farewell lyrics by Zazie Productions, listen and download latest songs of Zazie Productions with lyrics on Boomplay"" || Auto lyrics + ""download for FREE"" boilerplate republication (also album page 66891844 with ""Download ... MP3 songs online free"" pattern; recorded register-only to respect dedupe)."
https://codex.churchofmalware.org/researchers/ed001/zazie/,codex.churchofmalware.org,Zazie Productions,"Community, Wiki & Fan Indexes",C,research,2026-09-05,"ZAZIE PRODUCTIONS · Poison, The Well, Adversarial Audio, and Machine Learning · Edition I — Summer 2026",verified,"[LOWTRUST REVIEW] Seed ""suspected spam"" orphan; reviewed 2026-09-05 = net-art collective codex page (exact string in title); NOT parasitic — restored to Community, never counted as editorial."
https://www.discogs.com/release/35541229-Zazie-Productions-Constrained-Capacity,discogs.com,Zazie Productions,Directories & Databases,B,web_presence_expansion,2026-09-05,Zazie Productions – Constrained Capacity (Discogs release),verified,Discogs API role=Main; self-released 2022; previously absent from master (WPX pass)
https://www.discogs.com/release/36415555-Amnesia-X-Zazie-Productions-Oliver-Schöffler,discogs.com,Zazie Productions,Directories & Databases,B,web_presence_expansion,2026-09-05,"Amnesia X Zazie Productions, Oliver Schöffler (arrhythNia Records 2024)",verified,Discogs API role=Main; split release; new (WPX pass)
https://www.discogs.com/release/38112006-Various-They-Came-For-The-Whales,discogs.com,Zazie Productions,Music Compilations,C,web_presence_expansion,2026-09-05,Various – They Came For The Whales (Camembert Électrique 2026),verified,Discogs TrackAppearance 'Subduction Choir'; new (WPX pass)
https://www.discogs.com/release/38147292-Various-Doom-A-Creative-Commons-Music-Compilation,discogs.com,Zazie Productions,Music Compilations,C,web_presence_expansion,2026-09-05,Various – Doom / A Creative Commons Music Compilation (Dawn Of Darkness 2026),verified,Discogs TrackAppearance '7.4mm Under Orange Lights'; new (WPX pass)
https://www.imdb.com/title/tt19369318/,imdb.com,Zazie Kanwar-Torge,Directories & Databases,B,web_presence_expansion,2026-09-05,IMDb title: Phantom Requiem (tt19369318),verified,Full credits verified; credited to nm17333332 (WPX pass)
https://www.imdb.com/title/tt43438100/,imdb.com,Zazie Kanwar-Torge,Directories & Databases,B,web_presence_expansion,2026-09-05,IMDb title tt43438100,verified,Full credits verified (WPX pass)
https://www.imdb.com/title/tt37707793/,imdb.com,Zazie Kanwar-Torge,Directories & Databases,B,web_presence_expansion,2026-09-05,IMDb title tt37707793,verified,Full credits verified (WPX pass)
https://www.imdb.com/title/tt43746773/,imdb.com,Zazie Kanwar-Torge,Directories & Databases,B,web_presence_expansion,2026-09-05,IMDb title tt43746773,verified,Full credits verified (WPX pass)
https://www.imdb.com/title/tt43407807/,imdb.com,Zazie Kanwar-Torge,Directories & Databases,B,web_presence_expansion,2026-09-05,IMDb title tt43407807,verified,Listed on nm17333332 filmography; credits page not opened (WPX pass)
https://www.imdb.com/title/tt36984141/,imdb.com,Zazie Kanwar-Torge,Directories & Databases,B,web_presence_expansion,2026-09-05,IMDb title tt36984141,verified,Listed on nm17333332 filmography (WPX pass)
https://www.imdb.com/title/tt36954700/,imdb.com,Zazie Kanwar-Torge,Directories & Databases,B,web_presence_expansion,2026-09-05,IMDb title tt36954700,verified,Listed on nm17333332 filmography (WPX pass)
https://www.imdb.com/title/tt38637541/,imdb.com,Zazie Kanwar-Torge,Directories & Databases,B,web_presence_expansion,2026-09-05,IMDb title tt38637541,verified,Listed on nm17333332 filmography (WPX pass)
https://www.themoviedb.org/movie/1328893,themoviedb.org,Zazie Productions,Directories & Databases,C,web_presence_expansion,2026-09-05,TMDB: Phantom Requiem (movie 1328893),verified,Self-authored by TMDB user ZazieProductionsEnterprises; person named 'Zazie Productions' vs IMDb 'Zazie Kanwar-Torge' (identity conflict) (WPX pass)
https://www.visualcontainer.tv/wp-content/uploads/2025/01/Winter-2024-Award-Winners_Press-Release.pdf,visualcontainer.tv,Zazie Kanwar-Torge,Press & Editorial,A,web_presence_expansion,2026-09-05,VisualcontainerTV – Winter 2024 Award Winners Press Release (PDF),verified,Independent institutional PDF: PHANTOM REQUIEM by Zazie Kanwar-Torge (Zazie Productions) – JURY SPECIAL MENTION; broadcast Feb 1-15 2025. achievement_id ACH_PEBBLES_JURY_SPECIAL_MENTION_2024 – same event as Pebbles record (WPX pass)
http://web.archive.org/web/20260215233256/https://www.peopleversus.tv/fringe-flicks-archive/april-2025/,peopleversus.tv,Zazie Kanwar-Torge,Press & Editorial,A,web_presence_expansion,2026-09-05,PVTV Fringe Flicks Archive: April 2025 (Wayback; live page 404),verified,"Programme note: Deaf Orphans of Streamcast – Director: Zazie Kanwar-Torge, screened 4 Apr 2025 DoES Liverpool with Lucifer Rising. Live URL deleted 2026; 6 Wayback captures. achievement_id ACH_PVTV_FRINGE_FLICKS_2025-04-04 (WPX pass)"
https://www.patreon.com/posts/pvtv-patreon-125656656,patreon.com,Zazie Kanwar-Torge,Press & Editorial,B,web_presence_expansion,2026-09-05,PVTV Patreon Monthly Update – April 2025,verified,"Title-only mention 'Deaf Orphans of Streamcast (US)' in line-up; supporting evidence for PVTV screening, fails exact-name rule (WPX pass)"
https://www.clongclongmoo.org/?s=zazie,clongclongmoo.org,Zazie Productions,Music Compilations,B,web_presence_expansion,2026-09-05,clongclongmoo.org – 5 netlabel posts crediting/linking Zazie Productions (2025-2026),verified,Independent netlabel news hub; reposts label credit lists with live links to zazieproductions.bandcamp.com / linktr.ee. mention_cluster_id CL_CLONGCLONGMOO_NETLABEL_FEED – count as one cluster (WPX pass)
https://www.reddit.com/r/lastfm/comments/ujng7o/12x12_past_year_please_recommend_me_some_music/,reddit.com,Zazie Productions,"Community, Wiki & Fan Indexes",C,web_presence_expansion,2026-09-05,r/lastfm thread – ManicMolotov recommends Constrained Capacity (May 2022),verified,Same account as known r/musicsuggestions self-promo thread; cluster CL_REDDIT_MANICMOLOTOV_2022; not independent (WPX pass)
https://substack.com/@zazieproductions,substack.com,Zazie Productions,Official Properties & Channels,C,web_presence_expansion,2026-09-05,Substack profile @zazieproductions (user 35672413),verified,Reader profile; authored the reply in Lake Ivan review comments 2025-03-24 (WPX pass)
http://web.archive.org/web/20210914053312/https://zazieproductions.bandcamp.com/,zazieproductions.bandcamp.com,Zazie Productions,Official Properties & Channels,B,web_presence_expansion,2026-09-05,"Wayback: earliest Bandcamp capture (2021-09-14, Archive Team)",verified,Historical: 4 albums; 2021 bio text; Typescript magazine claim (unverified) (WPX pass)
https://100subtextsmagazine.blogspot.com/2025/03/issue-31feature.html,100subtextsmagazine.blogspot.com,Zazie Productions (contextual),Press & Editorial,A,phase3_editorial,,,verified,"🔴  🥇A  ✅  Prod  Editor's feature post (John Hopper), 1 Mar 2025: ""In this brand new issue of the literary magazine 100subtexts, we feature the writer, composer, filmmaker Zazie Productions, who brings us a stunning poem: Anchor and Ascend."" Image file 5 zazie productions.jpg.  Blogger RSS feed feeds/posts/default?q=Zazie · 2026-09-05 (HTM"
https://bipolarpoetry.com/the-bell-of-the-hollow-luxuries,bipolarpoetry.com,Zazie Productions (contextual),Press & Editorial,A,phase3_editorial,,,verified,"🔴  🥇A  ✅  Prod  Poem page, byline ""Zazie Productions"", dated 8 February 2026. Opens ""I am loved in a thousand / bright, well-meaning gestures.""  bipolarpoetry.com internal search (?s=Hollow+Luxuries) · 2026-09-05. Not indexed by Bing/Yahoo; site's author-name search returns nothing (body-text only).  Poem ""The Bell of the Hollow Luxuries"""
https://www.poetryformentalhealth.org/anxiety-and-depression,poetryformentalhealth.org,Zazie Productions (contextual),Press & Editorial,A,phase3_editorial,,,verified,"🔴 🟣  🥇A  ✅  Kanwar  Book page, CONTENTS list: ""Poetry by Laura / Poetry by Zazie Kanwar-Torge / Poetry by Tina Carey…"". 7th title in the Poetry for Mental Health series, compiled by Robin Barratt; ISBN 9798284477878, 280 pp, 114 contributors; Amazon ASIN B0FCXQ5K2S (paperback) / B0FCSBRDSM (Kindle).  Brave ""Zazie Kanwar-Torge"" (result #3"
https://www.lulu.com/shop/som/thresholds-a-micro-fiction-anthology/paperback/product-nvmmywe.html,lulu.com,Zazie Productions (contextual),Press & Editorial,A,phase3_editorial,,,verified,"🔴 🟣  🥇A  ✅  Kanwar  Publisher product page, ""Contributors: … Zach Keali'i Murphy, Zazie Kanwar-Torge"". Publication date Sep 3 2025, 75 pp, edited by SOM (Fresh Words: An International Literary Magazine).  Yahoo lulu.com SOM ""THRESHOLDS"" micro fiction anthology · 2026-09-05  THRESHOLDS: A Micro Fiction Anthology (35 writers, 100–200-word m"
https://bipolarpoetry.com,bipolarpoetry.com,Zazie Kanwar-Torge,Press & Editorial,A,magazine_zine_pass,,“Zazie Kanwar-Torge”,unverified,"MZL-002  “Zazie Kanwar-Torge”  Bipolar Poetry (literary journal, Australia)  The Bell of the Hollow Luxuries — Bipolar Poetry — Published Feb. 7, 2026 (per Accomplishment Register #65)  Accomplishment Register + web_search “Zazie Kanwar-Torge” magazine / “Zazie Productions” “Bipolar Poetry”  “Zazie Productions” “Bipolar Poetry” / “Zazie K"
https://thewrong.org/2025-26,thewrong.org,Zazie Productions (contextual),Press & Editorial,B,phase3_editorial,,,verified,"🟣 🔴  🥈B  ✅  Prod  Official 7th-edition catalogue page, ""2o25/26 artists: … Plamen Yordanov, Zhongyao Wang, Zazie Productions, Garrett Lynch IRL…"" (2,361 artists, 176 curators, Nov 1 2025 – Mar 31 2026).  web_search ""Zazie Productions"" ""Wrong Biennale"" · 2026-09-05  The Wrong Biennale 2025/26 — matches the 2026 Register's ""Wrong Biennale c"
https://ogre.red/issues/2025-12/2025-12-introduction,ogre.red,Zazie Productions (contextual),Press & Editorial,B,phase3_editorial,,,verified,"🔴  🥈B  ✅  Both  Editor's note for Red Ogre Review's 33rd issue: ""Music by: Zazie Kanwar-Torge \ Zazie Productions"" (""Sul Ponticello Dreaming"").  Direct fetch after web_search ""Zazie Kanwar-Torge"" ""Red Ogre Review"" · 2026-09-05  Red Ogre Review Dec 2025 issue (ed. Matthew Bullen) — companion to the (baseline) contributor page ogre.red/issu"
https://www.listennotes.com/podcasts/black-mountain/bmc-radio-art-zazie-atrX8jsp-6h,listennotes.com,Zazie Productions (contextual),Press & Editorial,B,phase3_editorial,,,verified,"🔴 🎙  🥈B  ✅  Kanwar  Show-notes mirror of BMC Radio Art episode (2021-12-15): ""Zazie Kanwar-Torge (they/them) is a composer and multi-instrumentalist living in Asheville…"".  Yahoo ""Zazie Kanwar-Torge"" p2 · 2026-09-05  Black Mountain College Museum + Arts Center podcast — ""Cheaper Impressions"" commission (podcast notes = text-led)"
https://codex.churchofmalware.org/editions/ed001,codex.churchofmalware.org,Zazie Productions (contextual),Press & Editorial,B,phase3_editorial,,,verified,"🔴  🥈B  ✅  Prod  Edition gallery: ""⛧ featured researchers ⛧ … ZAZIE PRODUCTIONS — Poison, The Well, Adversarial Audio, and Machine Learning"". Print editions via Mixam (Community Codex 001; DEFCON 34 Special Edition).  Direct fetch from (baseline) researcher page · 2026-09-05  Church of Malware Community Codex Edition I — Summer 2026 (11-pa"
https://coinoperatedpress.bigcartel.com,coinoperatedpress.bigcartel.com,Zazie Productions,Profiles & Catalogs,A,magazine_zine_pass,,“Zazie Productions”,unverified,"MZL-001  “Zazie Productions”  Coin-Operated Press — For The Sad Kids Zine (Issue 062, Mar 11 2026)  For The Sad Kids Zine OUT NOW!!! — Announcement: “Inside, you will find emo illustrations, sad kid selfies, punk rock poetry… teenage sketchbook doodles…” + Stunning That You’d Care is claimed per Accomplishment Register #59 to appear insid"
https://ogre.red/issues/2024-10/2024-10-introduction,ogre.red,Zazie Productions (contextual),Press & Editorial,C,phase3_editorial,,,verified,🔴  🥉C  ✅  Both  Site-wide contributor sidebar/index lists the Dec 2025 Kanwar-Torge entry. Body text of the Oct 2024 issue itself does not mention Zazie.  web_search · 2026-09-05  Red Ogre Review navigation index (low value — same link repeats on every issue page; Feb 2025 issue confirmed no mention)
https://churchofmalware.org/codex,churchofmalware.org,Zazie Kanwar-Torge,Profiles & Catalogs,A,magazine_zine_pass,,“Zazie Kanwar-Torge”,unverified,MZL-004  “Zazie Kanwar-Torge”  Church of Malware — Community Codex Vol. 1 (Summer 2026) — Poison in the Well: Adversarial Audio & Machine Listening (Register #57)  Codex is referenced as indexed by a July Google Alert; churchofmalware.org is live (fetched) but Codex contents page not found.  Accomplishment Register + web_search “Zazie Pro
https://git.churchofmalware.org,git.churchofmalware.org,Zazie Kanwar-Torge,Profiles & Catalogs,A,magazine_zine_pass,,“Zazie Kanwar-Torge”,unverified,MZL-004  “Zazie Kanwar-Torge”  Church of Malware — Community Codex Vol. 1 (Summer 2026) — Poison in the Well: Adversarial Audio & Machine Listening (Register #57)  Codex is referenced as indexed by a July Google Alert; churchofmalware.org is live (fetched) but Codex contents page not found.  Accomplishment Register + web_search “Zazie Pro
https://www.instagram.com/p/DGp310vszdo,instagram.com,Zazie Productions (contextual),Press & Editorial,B,phase3_editorial,,,partial,"🟢 🔴  🥈B  🟡  Prod  Yahoo snippet of @100subtextsmagazine post (1 Mar 2025): ""we feature the writer, composer, filmmaker Zazie Productions, who brings us a stunning poem: Anchor and Ascend. Issue 31"". Direct fetch → HTTP 403 (login wall).  Yahoo ""Zazie Productions"" poetry p1 · 2026-09-05  Social announcement of the Issue 31 feature (blog po"
https://thesqueakywheel.org/dissociation-support-group-to-hold-meeting-attendees-plan-to-show-up-in-spirit,thesqueakywheel.org,Zazie Productions (contextual),Press & Editorial,C,phase3_editorial,,,partial,"🔴  🔎Lead  🟡  —  Satire article, 29 Oct 2024. Byline is the handle ""zazieproductions"" (no space) — exact string absent. Author archive /author/zazieproductions/ is (baseline).  Direct fetch · 2026-09-05  The Squeaky Wheel (satire site) — matches LinkedIn ""Publications"" entry"
https://thesqueakywheel.org/doctor-asks-man-who-has-been-in-coma-for-45-years-if-he-ever-considered-it-might-just-be-anxiety,thesqueakywheel.org,Zazie Productions (contextual),Press & Editorial,C,phase3_editorial,,,partial,"🔴  🔎Lead  🟡  —  Second satire piece, 14 Mar 2024, same handle byline.  Author archive crawl · 2026-09-05  The Squeaky Wheel"
https://artfacts.net/artist/zazie-kanwar-torge,artfacts.net,Zazie Kanwar-Torge,Publications & Recognition,C,register_link_map,,MANTRA / MUSLAB co-production,unverified,"🔵 🟣  Kanwar  ArtFacts artist entry; exhibition Muslab 2025, Quito, 24–28 Nov 2025.  Yahoo p3  ·  37  MANTRA / MUSLAB co-production  artfacts.net (lead – lower-case t name)  lead"
https://allpoetry.com/poem/17245444-The-Microbe--by-Zazie-Productions,allpoetry.com,Zazie Productions,Press & Editorial,C,phase3_editorial,,,verified,"🔴  🥉C  ✅  Prod  ""The Microbe by Zazie Productions"", © Jun '23.  Yahoo ""Zazie Productions"" poetry p1 · 2026-09-05  NEW poem permalink"
https://allpoetry.com/poem/17245942-By-Daybreak-s-Dawn-by-Zazie-Productions,allpoetry.com,Zazie Productions,Press & Editorial,C,phase3_editorial,,,verified,"🔴  🥉C  ✅  Prod  ""By Daybreak's Dawn by Zazie Productions"", © Jun '23.  allpoetry profile crawl · 2026-09-05  NEW poem permalink"
https://allpoetry.com/poem/18284408-3-Untitled-Micro-Haikus-by-Zazie-Productions,allpoetry.com,Zazie Productions,Press & Editorial,C,phase3_editorial,,,verified,"🔴  🥉C  ✅  Prod  ""3 Untitled Micro-Haikus by Zazie Productions"", © Mar '25 · picked Oct '25 (site editorial pick).  allpoetry profile crawl · 2026-09-05  NEW poem permalink"
https://allpoetry.com/poem/18318896-Entry-00-%CE%B4-the-Spalled-Vestibule-or-Where-the-Bylaws-Go-to-Rot-by-Zazie-Productions,allpoetry.com,Zazie Productions,Press & Editorial,C,phase3_editorial,,,verified,"🔴  🥉C  ✅  Prod  Prose-poem ""Entry 00-δ. // the Spalled Vestibule, or: Where the Bylaws Go to Rot by Zazie Productions"", © Mar '25.  allpoetry profile crawl · 2026-09-05  NEW poem permalink"
https://www.rockculture.es/noticias--zazie-productions-,rockculture.es,Zazie Productions,Press & Editorial,C,magazine_zine_pass,,“Zazie Productions”,unverified,"CAND-MZ-022  “Zazie Productions”  Seed  “Zazie Productions” → rocks  2026-09-05  —  Rock Culture  Noticias … Zazie Productions …    same  Seed  Yes — in headline list  …Zazie Productions, Rip Gerber…  Tier C  Tier C publication mention, excluded  Single  Live  Excluded — passing headline-list mention  —  See ZPM-C02"
https://www.whitelight-whiteheat.com/wl-wh-weekly-shoegaze-dreampop-psychedelic-indie-tips36-25,whitelight-whiteheat.com,Zazie Productions (contextual),Press & Editorial,C,link_dump,,,unverified,
https://www.listennotes.com/podcasts/black-mountain/episode-7-ruth-asawas-jCOn1up_zYy,listennotes.com,Zazie Productions (contextual),Press & Editorial,C,phase3_editorial,,,verified,"🔴 🎙  🥉C  ✅  Kanwar  Episode 7 notes (2024-06-07) carry the same Zazie bio paragraph (""…Zazie pays tribute to 'Cheap Imitation'… Zazie Kanwar-Torge (they/them)…"").  Brave ""Zazie Kanwar-Torge"" chunk 3 · 2026-09-05  BMC podcast feed — bio re-used in a later episode's notes"
https://www.imdb.com/name/nm17333332/bio,imdb.com,Zazie Productions (contextual),Profiles & Catalogs,C,phase3_editorial,,,unverified,"🔵  Both  Bio: ""Zazie Kanwar-Torge was raised in North Carolina… Performing and releasing work under Zazie Productions"". (/name/nm17333332/ is baseline.)  Yahoo ""Zazie Kanwar-Torge"" p1"
https://ogre.red/press/anthologies/2025-anthology,ogre.red,Zazie Productions (contextual),Publications & Recognition,C,phase3_editorial,,,unverified,"Red Ogre Review anthology Bite More Smash More (Amazon B0G4LHKM2M, 30 Nov 2025)   — covers issues Oct 2024 → Sep 2025. Zazie's contribution is the Dec 2025 issue, so it is most likely not in this volume.  Watch for the 2026 anthology (Oct 2025 → Sep 2026 issues)."
https://www.concertarchives.org/concerts/flesh-eating-vinyl-and-the-smell-of-monochrome-tour2019,concertarchives.org,Zazie Productions (contextual),"Film, Festivals & Exhibitions",C,link_dump,,,unverified,
https://allpoetry.com/poem/17227437-Special-Edition--by-Zazie-Productions,allpoetry.com,Zazie Productions,Press & Editorial,C,phase3_editorial,,,unverified,"🔴  🥉C  ⬜  Prod  Yahoo title ""Special Edition by Zazie Productions"". Yahoo also served the same id 17227437 for ""The Geography of Absence"" — one of the two titles is a stale index entry; open and confirm before promoting.  Yahoo ""Zazie Productions"" poetry p1–2 · 2026-09-05  poem permalink (id collision — verify)"
http://www.lynnesachs.com/category/sections/page/6,lynnesachs.com,Zazie Productions (contextual),Press & Editorial,C,phase3_editorial,,,partial,"🌸 🔴  🥉C  🟡  Kanwar  Brave snippet: participant list ""…Andrew Reichel Zazie Kanwar-Torge ALina Taalman…"" under the Films for Freedom post. URL is a paginated archive (content shifts); permalink of the post not yet captured (site search is reCAPTCHA-gated).  Brave ""Zazie Kanwar-Torge"" chunk 3 · 2026-09-05  Lynne Sachs' blog re-post of the F"
https://www.instagram.com/church.of.malware,instagram.com,Zazie Productions (contextual),Press & Editorial,C,register_link_map,,Poison in the Well (Church of Malware Community Codex),unverified,"57  Poison in the Well (Church of Malware Community Codex)  instagram.com/church.of.malware  lead (posts name as ""Zazie""; exact string not confirmed)"
https://www.goodreads.com/book/show/241165826-thresholds,goodreads.com,Zazie Productions (contextual),Profiles & Catalogs,C,phase3_editorial,,,unverified,"THRESHOLDS — Goodreads / Amazon   shows Scott C. Holstad as author, no contributor list. hankrules2011.com post (5 Sep 2025) cites ISBN 9798265953896.  Amazon page for ISBN 9798265953896 may include ""Look inside"" TOC."
https://open.spotify.com/playlist/5hy3SZN9SNkgbHgWx4UwSO,open.spotify.com,Zazie Productions (contextual),Music Compilations,C,phase3_editorial,,,unverified,"🟠  Prod  ""Sound Art / Experimental Poetry / Musique Concrète"" playlist by Zazie Productions (135 items).  Yahoo ""Zazie Productions"" poetry p1"
https://www.creativemornings.com/individuals/zaziekanwartorge,creativemornings.com,Zazie Kanwar-Torge,Profiles & Catalogs,C,phase3_editorial,,,unverified,🔵  Kanwar  Member profile.  Yahoo p2
https://radioreach.us,radioreach.us,Zazie Productions (contextual),Profiles & Catalogs,C,register_docx,,RadioReach,unverified,"70–73, 102  RadioReach  radioreach.us  lead (live product; footer does not render the exact name)  ·  hyperlink inside the 2026 Accomplishment Register (docx relationship table)"
https://www.upwork.com/freelancers/~010411a0e4129d9d14,upwork.com,Zazie Productions (contextual),Profiles & Catalogs,C,phase3_editorial,,,unverified,🔵  Kanwar  Freelancer profile.  Yahoo p2
https://voterrecords.com/voter/127892431/zazie-kanwar-torge,voterrecords.com,Zazie Kanwar-Torge,Search-Engine Index,C,phase3_editorial,,,unverified,🩵  Kanwar  Public voter record (PII — record existence only; do not re-publish details).  Yahoo p4
https://payhip.com/b/XVlRA,payhip.com,Zazie Productions (contextual),Profiles & Catalogs,C,phase3_editorial,,,unverified,"100subtexts Issue 31 PDF   product page: ""69 pieces of work by 27 contemporary writers and poets"", £0.99 — contributor names not listed.  Purchase/obtain PDF; cite page number of ""Anchor and Ascend""."
https://sites.google.com/view/freshwordsmagazine/issues,sites.google.com,Zazie Productions (contextual),Profiles & Catalogs,C,phase3_editorial,,,unverified,Fresh Words / SOM magazine issues   lists issue PDFs (Drive/FlipHTML5/Lulu) — no contributor names in HTML.  Grep Sept–Nov 2025 issue PDFs for a Zazie piece or the anthology announcement.
https://www.youtube.com/watch?v=XF0nks0Nnak,youtube.com,Zazie Productions (contextual),Music Compilations,C,phase3_editorial,,,unverified,"(""Organized Chaos"") ·  (""Spectral Ode to Synesthesia"")  📼 🟠  Kanwar  DistroKid auto-uploads crediting Zazie Kanwar-Torge.  Yahoo p4"
https://www.youtube.com/watch?v=c9ZoZhSci2Q,youtube.com,Zazie Productions (contextual),Music Compilations,C,phase3_editorial,,,unverified,"(""Organized Chaos"") ·  (""Spectral Ode to Synesthesia"")  📼 🟠  Kanwar  DistroKid auto-uploads crediting Zazie Kanwar-Torge.  Yahoo p4"
https://www.youtube.com/watch?v=ld4BzJkKMi8,youtube.com,Zazie Productions (contextual),Music Compilations,C,phase3_editorial,,,unverified,"(""Organized Chaos"") ·  (""Spectral Ode to Synesthesia"")  📼 🟠  Kanwar  DistroKid auto-uploads crediting Zazie Kanwar-Torge.  Yahoo p4"
https://www.twine.net/ZazieProductions,twine.net,Zazie Productions,Profiles & Catalogs,C,phase3_editorial,,,unverified,🔵  Prod  Freelancer profile.  web_search
https://gumroad.com/zazieproductions,gumroad.com,Zazie Productions,Official Properties & Channels,C,register_link_map,,Gumroad catalog,unverified,74  Gumroad catalog  gumroad.com/zazieproductions  linked
https://www.indiegogo.com/en/projects/bario-ai-/audioplatform,indiegogo.com,Zazie Productions (contextual),Profiles & Catalogs,C,register_link_map,,Bario on BetaList,unverified,"94  Bario on BetaList  betalist.com/startups/bario · indiegogo Bario · bario.icu  lead — BetaList/Indiegogo attribute creator as ""Bario Ai"", not the exact name; no exact-name render"
https://zazieproductions.github.io/void-oculus,zazieproductions.github.io,Zazie Productions,Official Properties & Channels,C,register_link_map,,VOID//OCULUS,unverified,108  VOID//OCULUS  github.com/zazieproductions/void-oculus · live board  linked
https://betalist.com/startups/bario,betalist.com,Zazie Productions (contextual),Profiles & Catalogs,C,register_link_map,,Bario on BetaList,unverified,"94  Bario on BetaList  betalist.com/startups/bario · indiegogo Bario · bario.icu  lead — BetaList/Indiegogo attribute creator as ""Bario Ai"", not the exact name; no exact-name render"
https://www.bizapedia.com/nc/zazie-productions-llc.html,bizapedia.com,Zazie Productions,Search-Engine Index,C,phase3_editorial,,,unverified,"🩵  Both  NC LLC record, file 3188652, registered agent ""Zazie Diya Kanwar-Torge"".  Yahoo p4"
https://www.prfree.org/@zazieproductions/zazie-productions-unveils-phantom-requiem-2024-ahaunting-five-minute-stop-motion-avant-garde-masterpiece-q85vaihvx2h,prfree.org,Zazie Productions,Press & Editorial,C,link_dump,,,unverified,
https://www.instagram.com/p/DQWpMP8kYmJ,instagram.com,Zazie Productions (contextual),"Community, Wiki & Fan Indexes",C,phase3_editorial,,,partial,🟢  Kanwar  IG post surfaced for the exact name (403 on fetch — 🟡).  Yahoo p1
https://www.lyrics.com/lyric-lf/8858319/Zazie+Productions/Stunning+That+You'd+Care,lyrics.com,Zazie Productions (contextual),"Community, Wiki & Fan Indexes",C,link_dump,,,unverified,
https://app.grayswan.ai/arena/user/67d8dc232e68df6d96295cdb,app.grayswan.ai,Zazie Productions (contextual),Profiles & Catalogs,C,register_docx,,,unverified,hyperlink inside the 2026 Accomplishment Register (docx relationship table)
https://muso.ai,muso.ai,Zazie Productions (contextual),Profiles & Catalogs,C,register_link_map,,Muso.AI profile,unverified,93  Muso.AI profile  muso.ai — see master index  linked
https://bario.icu,bario.icu,Zazie Productions (contextual),Profiles & Catalogs,C,register_link_map,,Bario on BetaList,unverified,"94  Bario on BetaList  betalist.com/startups/bario · indiegogo Bario · bario.icu  lead — BetaList/Indiegogo attribute creator as ""Bario Ai"", not the exact name; no exact-name render"
https://www.mailmodo.com/ebook/state-of-onboarding/2025-o,mailmodo.com,Zazie Productions (contextual),Profiles & Catalogs,C,phase3_editorial,,,unverified,"Mailmodo — ""The State of Onboarding 2025"" (LinkedIn: 21 Oct 2025)   renders (80+ SaaS companies, expert corners Ramli John / Jon Farrah) — no Zazie string in HTML; Yahoo mailmodo ""Kanwar-Torge"" = 0.  Download the report PDF (gated) and grep contributor list."
https://camembertelectrique.bandcamp.com/album/shippai,camembertelectrique.bandcamp.com,Zazie Productions,Music Compilations,C,maxdepth_pass,2026-09-05,Camembert Électrique — SHIPPAI (compilation),verified,"Track 31 ""Zazie Productions – Grief is a Hot Commodity"" + credits line rendering store/linktree URLs. Maximum-Depth Research Pass 2026-09-05, record ZP26-005, confidence 95."
https://arrhythniarecords.bandcamp.com/album/amnesia-x-zazie-productions-oliver-sch-ffler-split-anr124,arrhythniarecords.bandcamp.com,Zazie Productions,Music Compilations,C,maxdepth_pass,2026-09-05,Amnesia (59) X Zazie Productions / Oliver Schöffler — aNr124 (split),verified,"Split release 2024-04-12 incl. track ""Gloom"". Maximum-Depth Research Pass 2026-09-05, record ZP26-006, confidence 96. Same release as Discogs 36415555 and the IA arrhythNia label-discography item."
https://909deadbatteries.bandcamp.com/album/winter-2025,909deadbatteries.bandcamp.com,Zazie Kanwar-Torge,Music Compilations,C,maxdepth_pass,2026-09-05,"909 Dead Batteries — Winter 2025 (compilation, Upland CA)",unverified,"Track 7 ""Zazie Kanwar-Torge – Frost Directive XIII (Broadcast Leak ID_ BLZRD_-_741)"" — the only new Target-B-exact music release located by the Maximum-Depth pass (ZP26-003/004, confidence 96, Wayback capture 2026-01-07). URL slug reconstructed from the pass report text; its companion CSV was never committed — re-check on the next link-check pass."
https://www.discogs.com/label/4317760,discogs.com,Zazie Productions,Directories & Databases,B,maxdepth_pass,2026-09-05,Discogs label — Not On Label (Zazie Productions Self-released),verified,"Label record 4317760. Maximum-Depth Research Pass 2026-09-05, record ZP26-031."
https://rateyourmusic.com/~ZazieProductions,rateyourmusic.com,Zazie Productions,Profiles & Catalogs,C,maxdepth_pass,2026-09-05,Rate Your Music user profile ~ZazieProductions,unverified,"Member since 2020-11-11 (#720597). Concatenated-spelling variant — flagged variant-tier by the Maximum-Depth pass (ZP26-042, confidence 70); counted under the Pass-7 contiguous-""Productions"" inclusion rule."
https://camembertelectrique.bandcamp.com,camembertelectrique.bandcamp.com,Zazie Productions (contextual),Music Compilations,C,register_link_map,,Grief Is a Hot Commodity (Camembert Électrique #28),unverified,14  Grief Is a Hot Commodity (Camembert Électrique #28)  camembertelectrique.bandcamp.com  label / hunt
https://grammyweekly.com,grammyweekly.com,Zazie Productions,Press & Editorial,C,magazine_zine_pass,,“Zazie Productions”,unverified,CAND-MZ-036  “Zazie Productions”  archive check  Wayback web//  2026-09-05  —  Wayback Machine  Calendar for Grammy Weekly profile    same  Media Master Press-03  No archive capture  —  —  No new feature evidence found — archived-only not needed  —  Archived-only check  —  Not a new record.
https://medium.com/zazzy-studio,medium.com,Zazie Productions,"Spam, Scraper, Syndication, SEO-Poisoning & Low-Trust",D,magazine_zine_pass,,“Zazie Productions”,unverified,CAND-MZ-028  “Zazie Productions”  web_search  site:medium.com “Zazie Productions”  2026-09-05  1  Medium (Zazzy Studio)  Zazzy Studio    same  —  No — no exact phrase  —  Tier D  No new feature evidence found  —  Live  Negative  —  —
https://podcasts.apple.com/au/podcast/bmc-radio-art-zazie-productions-cheaper-impressions,podcasts.apple.com,Zazie Productions,Press & Editorial,C,research,,Zazie Productions,unverified,Zazie Productions  A      media_master  unverified
https://producerzach.substack.com,producerzach.substack.com,Zazie Productions,"Spam, Scraper, Syndication, SEO-Poisoning & Low-Trust",D,magazine_zine_pass,,“Zazie Productions”,unverified,CAND-MZ-027  “Zazie Productions”  web_search  site:substack.com “Zazie Productions”  2026-09-05  1-2  Substack (various)  Substack search results   etc.  —  —  No — destinations do not contain exact phrase  —  Tier D  No new feature evidence found  —  Live (no evidence)  Negative — site-restricted search returned 0 qualifying pages  —  —
https://pulitzercenter.org/winners-and-finalists-local-letters-global-change-2019,pulitzercenter.org,Zazie Kanwar-Torge,Publications & Recognition,A,magazine_zine_pass,,Zazie Kanwar-Torge,unverified,ZKT-C01  Zazie Kanwar-Torge  Pulitzer Center  Winners and Finalists: Local Letters for Global Change 2019  Pulitzer Center — Winners and Finalists (Media Master p9 row 3)  2020-01-08  Contest announcement / finalist list  Zazie Kanwar-Torge listed among ~10 finalists in a table/list  Passing list entry; dedicated letter is Tier A (ZKT4-00
https://www.pw.org/literary_magazines/bipolar_poetry,pw.org,Zazie Kanwar-Torge,Profiles & Catalogs,A,magazine_zine_pass,,“Zazie Kanwar-Torge”,unverified,"MZL-002  “Zazie Kanwar-Torge”  Bipolar Poetry (literary journal, Australia)  The Bell of the Hollow Luxuries — Bipolar Poetry — Published Feb. 7, 2026 (per Accomplishment Register #65)  Accomplishment Register + web_search “Zazie Kanwar-Torge” magazine / “Zazie Productions” “Bipolar Poetry”  “Zazie Productions” “Bipolar Poetry” / “Zazie K"
https://www.yyyyyyy.info,yyyyyyy.info,Zazie Productions,Profiles & Catalogs,C,maxdepth_pass,,Zazie Productions,unverified,"Zazie Productions  C  2026-09-05   (lost animation sequence)  regional_alt_pass  verified  IA archival record; creator 'Zazie Productions, yyyyyyy.info' (Pass 9)  ·  - ZP26-060  (lost animation sequence) — ""re-mastered from Zazie Productions"" (ties to register entry 110)."
