project_id,project,kind,year,artist_role,links,role,rank,host,tier,cred,status,category,title,url
phantom-requiem,PHANTOM REQUIEM — the film,Film,2024,"Writer, director, composer and producer of the 5-minute stop-motion short; Jury Special Mention, Winter Screenings 2024",82,catalogue,64,imdb.com,B,90,verified,"Film, Festivals & Exhibitions",IMDb title record with full credits verified; one of 8 title credits under nm17333332.,https://www.imdb.com/title/tt19369318/fullcredits
phantom-requiem,PHANTOM REQUIEM — the film,Film,2024,"Writer, director, composer and producer of the 5-minute stop-motion short; Jury Special Mention, Winter Screenings 2024",82,catalogue,71,imdb.com,B,89,verified,Profiles & Catalogs,IMDb title: Phantom Requiem (tt19369318),https://www.imdb.com/title/tt19369318
phantom-requiem,PHANTOM REQUIEM — the film,Film,2024,"Writer, director, composer and producer of the 5-minute stop-motion short; Jury Special Mention, Winter Screenings 2024",82,distribution,17,open.spotify.com,A,94,unverified,Press & Editorial,Phantom Requiem: The Haunting Vision of Zazie Productions Dedicated podcast episode,https://open.spotify.com/episode/1fvq4kF8w6ew8IllOLf5yn
phantom-requiem,PHANTOM REQUIEM — the film,Film,2024,"Writer, director, composer and producer of the 5-minute stop-motion short; Jury Special Mention, Winter Screenings 2024",82,media,416,youtube.com,C,71,unverified,Official Properties & Channels,watch?v=UX2kv3G89Jw,https://www.youtube.com
phantom-requiem,PHANTOM REQUIEM — the film,Film,2024,"Writer, director, composer and producer of the 5-minute stop-motion short; Jury Special Mention, Winter Screenings 2024",82,press,237,news.prfree.org,A,78,unverified,Press & Editorial,Zazie Productions Unveils ‘Phantom Requiem’ (2024) – A Haunting Five-Minute Stop-Motion Avant-Garde Masterpiece Issued press release Subject: Phantom Requiem,https://news.prfree.org/@zazieproductions/zazie-productions-unveils-phantom-requiem-2024-a-haunting-five-minute-stop-motion-avant-garde-masterpiece-q85vaihvx2hk
phantom-requiem,PHANTOM REQUIEM — the film,Film,2024,"Writer, director, composer and producer of the 5-minute stop-motion short; Jury Special Mention, Winter Screenings 2024",82,press,409,prfree.org,A,71,unverified,Press & Editorial,,https://www.prfree.org/@zazieproductions/zazie-productions-unveils-phantom-requiem-2024-a-haunting-five-minute-stop-motion-avant-garde-masterpiece-q85vaihvx2h
phantom-requiem,PHANTOM REQUIEM — the film,Film,2024,"Writer, director, composer and producer of the 5-minute stop-motion short; Jury Special Mention, Winter Screenings 2024",82,press,527,prfree.org,A,67,unverified,Press & Editorial,ng-five-minute-stop-motion-avant-garde-masterpiece-q85vaihvx2hk,https://prfree.org/@zazieproductions/zazie-productions-unveils-phantom-requiem-2024-a-haunting-five-minute-stop-motion-avant-garde-masterpiece-q85vaihvx2hk
phantom-requiem,PHANTOM REQUIEM — the film,Film,2024,"Writer, director, composer and producer of the 5-minute stop-motion short; Jury Special Mention, Winter Screenings 2024",82,press,550,prfree.org,C,64,unverified,Press & Editorial,,https://www.prfree.org/@zazieproductions/zazie-productions-unveils-phantom-requiem-2024-ahaunting-five-minute-stop-motion-avant-garde-masterpiece-q85vaihvx2h
phantom-requiem,PHANTOM REQUIEM — the film,Film,2024,"Writer, director, composer and producer of the 5-minute stop-motion short; Jury Special Mention, Winter Screenings 2024",82,event,138,filmfreeway.com,B,83,unverified,"Film, Festivals & Exhibitions",,https://filmfreeway.com/phantom-requiem-1
phantom-requiem,PHANTOM REQUIEM — the film,Film,2024,"Writer, director, composer and producer of the 5-minute stop-motion short; Jury Special Mention, Winter Screenings 2024",82,reference,9,pebblesunderground.art,A,95,verified,"Film, Festivals & Exhibitions",Festival-produced film card image for the award page. Suitable press-kit visual.,https://pebblesunderground.art/wp-content/uploads/2024/12/PHANTOM-REQUIEM-by-Zazie-Kanwar-Torge_Zazie-Productions-1024x576.jpg
phantom-requiem,PHANTOM REQUIEM — the film,Film,2024,"Writer, director, composer and producer of the 5-minute stop-motion short; Jury Special Mention, Winter Screenings 2024",82,reference,21,lakeivan.substack.com,A,93,unverified,Press & Editorial,Spinning in the Wildness: Phantom Requiem Full-length critical review,https://lakeivan.substack.com/p/spinning-in-the-wildness-phantom
phantom-requiem,PHANTOM REQUIEM — the film,Film,2024,"Writer, director, composer and producer of the 5-minute stop-motion short; Jury Special Mention, Winter Screenings 2024",82,reference,30,lakeivanfilmjournal.org,A,93,verified,Profiles & Catalogs,Spinning in the Wildness: Phantom Requiem — Full-length critical review,https://lakeivanfilmjournal.org/spinning-in-the-wildness-phantom-requiem
phantom-requiem,PHANTOM REQUIEM — the film,Film,2024,"Writer, director, composer and producer of the 5-minute stop-motion short; Jury Special Mention, Winter Screenings 2024",82,reference,36,pebblesunderground.art,A,92,unverified,"Film, Festivals & Exhibitions",2024 AWARD WINNING WORKS Award-winning work and creator credits Subject: Phantom Requiem,https://pebblesunderground.art/2024awardscreening
phantom-requiem,PHANTOM REQUIEM — the film,Film,2024,"Writer, director, composer and producer of the 5-minute stop-motion short; Jury Special Mention, Winter Screenings 2024",82,reference,37,pebblesunderground.art,A,92,unverified,"Film, Festivals & Exhibitions",THE FREEDOM TO CONTROL – Pebbles Underground at Visualcontainer [.BOX] Screening selection and creator credits Subject: Phantom Requiem,https://pebblesunderground.art/pebblesundergroundvisualcontainerbox
phantom-requiem,PHANTOM REQUIEM — the film,Film,2024,"Writer, director, composer and producer of the 5-minute stop-motion short; Jury Special Mention, Winter Screenings 2024",82,reference,38,pebblesunderground.art,A,92,unverified,"Film, Festivals & Exhibitions","PHANTOM REQUIEM by Zazie Kanwar-Torge (Zazie Productions) — USA (2024) – JURY SPECIAL MENTION Film page, award citation, bio and full film",https://pebblesunderground.art/video/phantom-requiem
phantom-requiem,PHANTOM REQUIEM — the film,Film,2024,"Writer, director, composer and producer of the 5-minute stop-motion short; Jury Special Mention, Winter Screenings 2024",82,reference,51,pebblesunderground.art,B,91,verified,"Film, Festivals & Exhibitions",SURR-META-ROUND | Pebbles Underground,https://pebblesunderground.art/surr-meta-round
phantom-requiem,PHANTOM REQUIEM — the film,Film,2024,"Writer, director, composer and producer of the 5-minute stop-motion short; Jury Special Mention, Winter Screenings 2024",82,reference,86,pebblesunderground.art,B,88,verified,"Film, Festivals & Exhibitions",'Jury and Audience Award Winners - Winter Screenings 2024' graphic; no target name on it.,https://pebblesunderground.art/wp-content/uploads/2024/12/AWARD-WINNERS_GENERIC.jpg
phantom-requiem,PHANTOM REQUIEM — the film,Film,2024,"Writer, director, composer and producer of the 5-minute stop-motion short; Jury Special Mention, Winter Screenings 2024",82,reference,165,pebblesunderground.art,A,82,unverified,"Film, Festivals & Exhibitions",AWARD WINNERS – WINTER SCREENINGS 2024 Jury Special Mention,https://pebblesunderground.art/award-winners-winter-screenings-2024
phantom-requiem,PHANTOM REQUIEM — the film,Film,2024,"Writer, director, composer and producer of the 5-minute stop-motion short; Jury Special Mention, Winter Screenings 2024",82,reference,193,themoviedb.org,C,80,verified,Profiles & Catalogs,TMDB: Phantom Requiem (movie 1328893),https://www.themoviedb.org/movie/1328893
phantom-requiem,PHANTOM REQUIEM — the film,Film,2024,"Writer, director, composer and producer of the 5-minute stop-motion short; Jury Special Mention, Winter Screenings 2024",82,reference,516,openfilmzone.com,B,68,verified,"Film, Festivals & Exhibitions",Phantom Requiem | Open Film Zone,https://openfilmzone.com/videos/phantom-requiem
phantom-requiem,PHANTOM REQUIEM — the film,Film,2024,"Writer, director, composer and producer of the 5-minute stop-motion short; Jury Special Mention, Winter Screenings 2024",82,reference,573,youtube-nocooki,C,61,unverified,Video Mirror / Backlink Sites,e.com/embed/UX2kv3G89Jw,https://www.youtube-nocooki
phantom-requiem,PHANTOM REQUIEM — the film,Film,2024,"Writer, director, composer and producer of the 5-minute stop-motion short; Jury Special Mention, Winter Screenings 2024",82,mirror,128,archive.org,C,84,verified,"Film, Festivals & Exhibitions",Phantom Requiem (Short Film) : Zazie Productions,https://archive.org/details/phantom-requiem-short-film
phantom-requiem,PHANTOM REQUIEM — the film,Film,2024,"Writer, director, composer and producer of the 5-minute stop-motion short; Jury Special Mention, Winter Screenings 2024",82,mirror,423,thomas-spinec.students-laplateforme.io,A,70,unverified,"Film, Festivals & Exhibitions",,https://thomas-spinec.students-laplateforme.io/cinetech/movie/1328893
phantom-requiem,PHANTOM REQUIEM — the film,Film,2024,"Writer, director, composer and producer of the 5-minute stop-motion short; Jury Special Mention, Winter Screenings 2024",82,mirror,464,filmacorn.vercel.app,A,69,unverified,"Film, Festivals & Exhibitions",,https://filmacorn.vercel.app/details/1328893
phantom-requiem,PHANTOM REQUIEM — the film,Film,2024,"Writer, director, composer and producer of the 5-minute stop-motion short; Jury Special Mention, Winter Screenings 2024",82,mirror,482,moview.janakoudelkova.cz,A,68,unverified,"Film, Festivals & Exhibitions",,https://moview.janakoudelkova.cz/singlemovie.html?id=1328893
phantom-requiem,PHANTOM REQUIEM — the film,Film,2024,"Writer, director, composer and producer of the 5-minute stop-motion short; Jury Special Mention, Winter Screenings 2024",82,mirror,483,pelis-api.vercel.app,A,68,unverified,"Film, Festivals & Exhibitions",,https://pelis-api.vercel.app/pelicula/1328893
phantom-requiem,PHANTOM REQUIEM — the film,Film,2024,"Writer, director, composer and producer of the 5-minute stop-motion short; Jury Special Mention, Winter Screenings 2024",82,mirror,525,frenchstream.tv,A,67,unverified,"Film, Festivals & Exhibitions",,https://frenchstream.tv/movie/1328893
phantom-requiem,PHANTOM REQUIEM — the film,Film,2024,"Writer, director, composer and producer of the 5-minute stop-motion short; Jury Special Mention, Winter Screenings 2024",82,mirror,532,hdfilmcehennemi.beauty,A,66,unverified,"Film, Festivals & Exhibitions",,https://hdfilmcehennemi.beauty/film/phantom-requiem-2024-21328893T
phantom-requiem,PHANTOM REQUIEM — the film,Film,2024,"Writer, director, composer and producer of the 5-minute stop-motion short; Jury Special Mention, Winter Screenings 2024",82,quarantine,607,youtuberepeater,C,48,unverified,Video Mirror / Backlink Sites,com/watch?v=UX2kv3G89Jw,https://www.youtuberepeater
phantom-requiem,PHANTOM REQUIEM — the film,Film,2024,"Writer, director, composer and producer of the 5-minute stop-motion short; Jury Special Mention, Winter Screenings 2024",82,quarantine,620,thewikihow.com,D,29,unverified,"Spam, Scraper, Syndication, SEO-Poisoning & Low-Trust",UX2kv3G89Jw,https://thewikihow.com/video_
phantom-requiem,PHANTOM REQUIEM — the film,Film,2024,"Writer, director, composer and producer of the 5-minute stop-motion short; Jury Special Mention, Winter Screenings 2024",82,quarantine,635,socialcounts.org,D,21,unverified,"Spam, Scraper, Syndication, SEO-Poisoning & Low-Trust",,https://socialcounts.org/youtube-video-live-view-count/UX2kv3G89Jw
phantom-requiem,PHANTOM REQUIEM — the film,Film,2024,"Writer, director, composer and producer of the 5-minute stop-motion short; Jury Special Mention, Winter Screenings 2024",82,quarantine,644,culturevein.com,D,18,unverified,"Spam, Scraper, Syndication, SEO-Poisoning & Low-Trust",,https://culturevein.com/videos/UX2kv3G89Jw
phantom-requiem,PHANTOM REQUIEM — the film,Film,2024,"Writer, director, composer and producer of the 5-minute stop-motion short; Jury Special Mention, Winter Screenings 2024",82,quarantine,645,deturl.com,D,18,verified,"Spam, Scraper, Syndication, SEO-Poisoning & Low-Trust",,https://deturl.com/play.php?v=UX2kv3G89Jw
phantom-requiem,PHANTOM REQUIEM — the film,Film,2024,"Writer, director, composer and producer of the 5-minute stop-motion short; Jury Special Mention, Winter Screenings 2024",82,quarantine,646,fooyoh.com,D,18,unverified,"Spam, Scraper, Syndication, SEO-Poisoning & Low-Trust",,https://fooyoh.com/nowwatch/watch/UX2kv3G89Jw
phantom-requiem,PHANTOM REQUIEM — the film,Film,2024,"Writer, director, composer and producer of the 5-minute stop-motion short; Jury Special Mention, Winter Screenings 2024",82,quarantine,647,musiclessons.com,D,18,unverified,"Spam, Scraper, Syndication, SEO-Poisoning & Low-Trust",,https://www.musiclessons.com/youtube/watch?v=UX2kv3G89Jw
phantom-requiem,PHANTOM REQUIEM — the film,Film,2024,"Writer, director, composer and producer of the 5-minute stop-motion short; Jury Special Mention, Winter Screenings 2024",82,quarantine,648,pakvim.net,D,18,unverified,"Spam, Scraper, Syndication, SEO-Poisoning & Low-Trust",,https://pakvim.net/watch/UX2kv3G89Jw
phantom-requiem,PHANTOM REQUIEM — the film,Film,2024,"Writer, director, composer and producer of the 5-minute stop-motion short; Jury Special Mention, Winter Screenings 2024",82,quarantine,649,thewikihow.com,D,18,unverified,"Spam, Scraper, Syndication, SEO-Poisoning & Low-Trust",,https://thewikihow.com/video_UX2kv3G89Jw
phantom-requiem,PHANTOM REQUIEM — the film,Film,2024,"Writer, director, composer and producer of the 5-minute stop-motion short; Jury Special Mention, Winter Screenings 2024",82,quarantine,650,viewsync-2.appspot.com,D,18,unverified,"Spam, Scraper, Syndication, SEO-Poisoning & Low-Trust",,https://viewsync-2.appspot.com/player.html?v=UX2kv3G89Jw
phantom-requiem,PHANTOM REQUIEM — the film,Film,2024,"Writer, director, composer and producer of the 5-minute stop-motion short; Jury Special Mention, Winter Screenings 2024",82,quarantine,651,youtube-nocookie.com,D,18,unverified,"Spam, Scraper, Syndication, SEO-Poisoning & Low-Trust",,https://www.youtube-nocookie.com/embed/UX2kv3G89Jw
phantom-requiem,PHANTOM REQUIEM — the film,Film,2024,"Writer, director, composer and producer of the 5-minute stop-motion short; Jury Special Mention, Winter Screenings 2024",82,quarantine,653,yt.nimlinks.com,D,18,unverified,"Spam, Scraper, Syndication, SEO-Poisoning & Low-Trust",,https://yt.nimlinks.com/UX2kv3G89Jw
phantom-requiem,PHANTOM REQUIEM — the film,Film,2024,"Writer, director, composer and producer of the 5-minute stop-motion short; Jury Special Mention, Winter Screenings 2024",82,quarantine,656,culturevein.com,D,17,unverified,"Spam, Scraper, Syndication, SEO-Poisoning & Low-Trust",/UX2kv3G89Jw,https://culturevein.com/videos
phantom-requiem,PHANTOM REQUIEM — the film,Film,2024,"Writer, director, composer and producer of the 5-minute stop-motion short; Jury Special Mention, Winter Screenings 2024",82,quarantine,657,fooyoh.com,D,17,unverified,"Spam, Scraper, Syndication, SEO-Poisoning & Low-Trust",watch/UX2kv3G89Jw,https://fooyoh.com/nowwatch
phantom-requiem,PHANTOM REQUIEM — the film,Film,2024,"Writer, director, composer and producer of the 5-minute stop-motion short; Jury Special Mention, Winter Screenings 2024",82,quarantine,660,listenonrepeat.com,D,17,unverified,"Spam, Scraper, Syndication, SEO-Poisoning & Low-Trust",tch/?v=UX2kv3G89Jw,https://listenonrepeat.com/wa
phantom-requiem,PHANTOM REQUIEM — the film,Film,2024,"Writer, director, composer and producer of the 5-minute stop-motion short; Jury Special Mention, Winter Screenings 2024",82,quarantine,662,salda.ws,D,17,unverified,"Spam, Scraper, Syndication, SEO-Poisoning & Low-Trust",=UX2kv3G89Jw,https://salda.ws/video.php?id
phantom-requiem,PHANTOM REQUIEM — the film,Film,2024,"Writer, director, composer and producer of the 5-minute stop-motion short; Jury Special Mention, Winter Screenings 2024",82,quarantine,669,viewsync.net,D,15,unverified,"Spam, Scraper, Syndication, SEO-Poisoning & Low-Trust",,https://viewsync.net/watch?v=UX2kv3G89Jw&t=0&mode=solo&autoplay=false
phantom-requiem,PHANTOM REQUIEM — the film,Film,2024,"Writer, director, composer and producer of the 5-minute stop-motion short; Jury Special Mention, Winter Screenings 2024",82,quarantine,667,yewtu.be,D,15,unverified,"Spam, Scraper, Syndication, SEO-Poisoning & Low-Trust",,https://yewtu.be/watch?v=UX2kv3G89Jw
phantom-requiem,PHANTOM REQUIEM — the film,Film,2024,"Writer, director, composer and producer of the 5-minute stop-motion short; Jury Special Mention, Winter Screenings 2024",82,quarantine,670,tvonlayn.ru,D,14,unverified,"Spam, Scraper, Syndication, SEO-Poisoning & Low-Trust",UX2kv3G89Jw,https://www.tvonlayn.ru/video
phantom-requiem,PHANTOM REQUIEM — the film,Film,2024,"Writer, director, composer and producer of the 5-minute stop-motion short; Jury Special Mention, Winter Screenings 2024",82,quarantine,686,hribi.net,D,13,unverified,"Spam, Scraper, Syndication, SEO-Poisoning & Low-Trust",,https://www.hribi.net/video_youtube/startup-summit%20/UX2kv3G89Jw
phantom-requiem,PHANTOM REQUIEM — the film,Film,2024,"Writer, director, composer and producer of the 5-minute stop-motion short; Jury Special Mention, Winter Screenings 2024",82,quarantine,687,hribi.net,D,13,unverified,"Spam, Scraper, Syndication, SEO-Poisoning & Low-Trust",,https://www.hribi.net/video_youtube/watch/UX2kv3G89Jw
phantom-requiem,PHANTOM REQUIEM — the film,Film,2024,"Writer, director, composer and producer of the 5-minute stop-motion short; Jury Special Mention, Winter Screenings 2024",82,quarantine,684,viewsync.net,D,13,unverified,"Spam, Scraper, Syndication, SEO-Poisoning & Low-Trust",=UX2kv3G89Jw&t=0&mode=,https://viewsync.net/watch?v
phantom-requiem,PHANTOM REQUIEM — the film,Film,2024,"Writer, director, composer and producer of the 5-minute stop-motion short; Jury Special Mention, Winter Screenings 2024",82,quarantine,688,vtomb.com,D,13,unverified,"Spam, Scraper, Syndication, SEO-Poisoning & Low-Trust",,https://www.vtomb.com/?watch=UX2kv3G89Jw
phantom-requiem,PHANTOM REQUIEM — the film,Film,2024,"Writer, director, composer and producer of the 5-minute stop-motion short; Jury Special Mention, Winter Screenings 2024",82,quarantine,689,vtomb.com,D,13,unverified,"Spam, Scraper, Syndication, SEO-Poisoning & Low-Trust",,https://www.vtomb.com/video/UX2kv3G89Jw
phantom-requiem,PHANTOM REQUIEM — the film,Film,2024,"Writer, director, composer and producer of the 5-minute stop-motion short; Jury Special Mention, Winter Screenings 2024",82,quarantine,691,deturl.com,D,12,unverified,"Spam, Scraper, Syndication, SEO-Poisoning & Low-Trust",=UX2kv3G89Jw,https://deturl.com/play.php?v
phantom-requiem,PHANTOM REQUIEM — the film,Film,2024,"Writer, director, composer and producer of the 5-minute stop-motion short; Jury Special Mention, Winter Screenings 2024",82,quarantine,693,ytrepeat.com,D,12,unverified,"Spam, Scraper, Syndication, SEO-Poisoning & Low-Trust",ch/?v=UX2kv3G89Jw,https://www.ytrepeat.com/wat
phantom-requiem,PHANTOM REQUIEM — the film,Film,2024,"Writer, director, composer and producer of the 5-minute stop-motion short; Jury Special Mention, Winter Screenings 2024",82,quarantine,695,canal50.com,D,11,unverified,"Spam, Scraper, Syndication, SEO-Poisoning & Low-Trust",20.asp?video=UX2kv3G89Jw,https://canal50.com/player-20
phantom-requiem,PHANTOM REQUIEM — the film,Film,2024,"Writer, director, composer and producer of the 5-minute stop-motion short; Jury Special Mention, Winter Screenings 2024",82,quarantine,696,clipzag.com,D,11,unverified,"Spam, Scraper, Syndication, SEO-Poisoning & Low-Trust",UX2kv3G89Jw,https://clipzag.com/watch?v=
phantom-requiem,PHANTOM REQUIEM — the film,Film,2024,"Writer, director, composer and producer of the 5-minute stop-motion short; Jury Special Mention, Winter Screenings 2024",82,quarantine,697,hribi.net,D,11,unverified,"Spam, Scraper, Syndication, SEO-Poisoning & Low-Trust",utube/watch/UX2kv3G89Jw,https://www.hribi.net/video_yo
phantom-requiem,PHANTOM REQUIEM — the film,Film,2024,"Writer, director, composer and producer of the 5-minute stop-motion short; Jury Special Mention, Winter Screenings 2024",82,quarantine,698,nsfwyoutube.com,D,11,unverified,"Spam, Scraper, Syndication, SEO-Poisoning & Low-Trust",,https://www.nsfwyoutube.com/watch?v=UX2kv3G89Jw
phantom-requiem,PHANTOM REQUIEM — the film,Film,2024,"Writer, director, composer and producer of the 5-minute stop-motion short; Jury Special Mention, Winter Screenings 2024",82,quarantine,700,vtomb.com,D,11,unverified,"Spam, Scraper, Syndication, SEO-Poisoning & Low-Trust",h=UX2kv3G89Jw,https://www.vtomb.com/?watc
phantom-requiem,PHANTOM REQUIEM — the film,Film,2024,"Writer, director, composer and producer of the 5-minute stop-motion short; Jury Special Mention, Winter Screenings 2024",82,quarantine,701,vtomb.com,D,11,unverified,"Spam, Scraper, Syndication, SEO-Poisoning & Low-Trust",UX2kv3G89Jw,https://www.vtomb.com/video
phantom-requiem,PHANTOM REQUIEM — the film,Film,2024,"Writer, director, composer and producer of the 5-minute stop-motion short; Jury Special Mention, Winter Screenings 2024",82,quarantine,702,youplay.nimtools.com,D,11,unverified,"Spam, Scraper, Syndication, SEO-Poisoning & Low-Trust",,https://youplay.nimtools.com/watch/?v=UX2kv3G89Jw
phantom-requiem,PHANTOM REQUIEM — the film,Film,2024,"Writer, director, composer and producer of the 5-minute stop-motion short; Jury Special Mention, Winter Screenings 2024",82,quarantine,704,lu.etvplayvideos.com,D,10,unverified,"Spam, Scraper, Syndication, SEO-Poisoning & Low-Trust",,https://lu.etvplayvideos.com/UX2kv3G89Jw/video-not-available
phantom-requiem,PHANTOM REQUIEM — the film,Film,2024,"Writer, director, composer and producer of the 5-minute stop-motion short; Jury Special Mention, Winter Screenings 2024",82,quarantine,705,lu.etvplayvideos.com,D,10,unverified,"Spam, Scraper, Syndication, SEO-Poisoning & Low-Trust",,https://lu.etvplayvideos.com/UX2kv3G89Jw/w
phantom-requiem,PHANTOM REQUIEM — the film,Film,2024,"Writer, director, composer and producer of the 5-minute stop-motion short; Jury Special Mention, Winter Screenings 2024",82,quarantine,709,nsfwyoutube.com,D,10,unverified,"Spam, Scraper, Syndication, SEO-Poisoning & Low-Trust",/watch?v=UX2kv3G89Jw,https://www.nsfwyoutube.com
phantom-requiem,PHANTOM REQUIEM — the film,Film,2024,"Writer, director, composer and producer of the 5-minute stop-motion short; Jury Special Mention, Winter Screenings 2024",82,quarantine,708,polsy.org.uk,D,10,unverified,"Spam, Scraper, Syndication, SEO-Poisoning & Low-Trust",,https://polsy.org.uk/play/yt/?vurl=https://www.youtube.com/watch?v=UX2kv3G89Jw
phantom-requiem,PHANTOM REQUIEM — the film,Film,2024,"Writer, director, composer and producer of the 5-minute stop-motion short; Jury Special Mention, Winter Screenings 2024",82,quarantine,706,topsheetmusic.eu,D,10,verified-partial,"Spam, Scraper, Syndication, SEO-Poisoning & Low-Trust",,https://www.topsheetmusic.eu/sysmusic/templates/youtube.php?v=UX2kv3G89Jw
phantom-requiem,PHANTOM REQUIEM — the film,Film,2024,"Writer, director, composer and producer of the 5-minute stop-motion short; Jury Special Mention, Winter Screenings 2024",82,quarantine,710,youplay.nimtools.com,D,10,unverified,"Spam, Scraper, Syndication, SEO-Poisoning & Low-Trust",watch/?v=UX2kv3G89Jw,https://youplay.nimtools.com
phantom-requiem,PHANTOM REQUIEM — the film,Film,2024,"Writer, director, composer and producer of the 5-minute stop-motion short; Jury Special Mention, Winter Screenings 2024",82,quarantine,711,lu.etvplayvideos.com,D,9,unverified,"Spam, Scraper, Syndication, SEO-Poisoning & Low-Trust",UX2kv3G89Jw/v,https://lu.etvplayvideos.com
phantom-requiem,PHANTOM REQUIEM — the film,Film,2024,"Writer, director, composer and producer of the 5-minute stop-motion short; Jury Special Mention, Winter Screenings 2024",82,quarantine,713,clipzag.com,D,8,broken,"Spam, Scraper, Syndication, SEO-Poisoning & Low-Trust",,https://clipzag.com/watch?v=UX2kv3G89Jw
phantom-requiem,PHANTOM REQUIEM — the film,Film,2024,"Writer, director, composer and producer of the 5-minute stop-motion short; Jury Special Mention, Winter Screenings 2024",82,quarantine,715,heartvod.com,D,8,unverified,"Spam, Scraper, Syndication, SEO-Poisoning & Low-Trust",,https://heartvod.com/play=UX2kv3G89Jw
phantom-requiem,PHANTOM REQUIEM — the film,Film,2024,"Writer, director, composer and producer of the 5-minute stop-motion short; Jury Special Mention, Winter Screenings 2024",82,quarantine,712,listenonrepeat.com,D,8,unverified,"Spam, Scraper, Syndication, SEO-Poisoning & Low-Trust",,https://listenonrepeat.com/watch/?v=UX2kv3G89Jw
phantom-requiem,PHANTOM REQUIEM — the film,Film,2024,"Writer, director, composer and producer of the 5-minute stop-motion short; Jury Special Mention, Winter Screenings 2024",82,quarantine,716,newtv.co.th,D,8,unverified,"Spam, Scraper, Syndication, SEO-Poisoning & Low-Trust",,https://www.newtv.co.th/demo/web/video.php?v=UX2kv3G89Jw
phantom-requiem,PHANTOM REQUIEM — the film,Film,2024,"Writer, director, composer and producer of the 5-minute stop-motion short; Jury Special Mention, Winter Screenings 2024",82,quarantine,717,salda.ws,D,8,unverified,"Spam, Scraper, Syndication, SEO-Poisoning & Low-Trust",,https://salda.ws/video.php?id=UX2kv3G89Jw
phantom-requiem,PHANTOM REQUIEM — the film,Film,2024,"Writer, director, composer and producer of the 5-minute stop-motion short; Jury Special Mention, Winter Screenings 2024",82,quarantine,719,gazetaolsztynska.pl,D,3,broken,"Spam, Scraper, Syndication, SEO-Poisoning & Low-Trust",,https://gazetaolsztynska.pl/gminaelk/tv/video/youtube/UX2kv3G89Jw
phantom-requiem,PHANTOM REQUIEM — the film,Film,2024,"Writer, director, composer and producer of the 5-minute stop-motion short; Jury Special Mention, Winter Screenings 2024",82,quarantine,720,tvonlayn.ru,D,3,unverified,"Spam, Scraper, Syndication, SEO-Poisoning & Low-Trust",,https://www.tvonlayn.ru/video/UX2kv3G89Jw
phantom-requiem,PHANTOM REQUIEM — the film,Film,2024,"Writer, director, composer and producer of the 5-minute stop-motion short; Jury Special Mention, Winter Screenings 2024",82,quarantine,721,video.link,D,3,unverified,"Spam, Scraper, Syndication, SEO-Poisoning & Low-Trust",,https://video.link/watch?v=UX2kv3G89Jw
phantom-requiem,PHANTOM REQUIEM — the film,Film,2024,"Writer, director, composer and producer of the 5-minute stop-motion short; Jury Special Mention, Winter Screenings 2024",82,quarantine,722,youtuberepeater.com,D,3,unverified,"Spam, Scraper, Syndication, SEO-Poisoning & Low-Trust",,https://www.youtuberepeater.com/watch?v=UX2kv3G89Jw#gsc.tab=0
phantom-requiem,PHANTOM REQUIEM — the film,Film,2024,"Writer, director, composer and producer of the 5-minute stop-motion short; Jury Special Mention, Winter Screenings 2024",82,quarantine,723,ytrepeat.com,D,3,unverified,"Spam, Scraper, Syndication, SEO-Poisoning & Low-Trust",,https://www.ytrepeat.com/watch/?v=UX2kv3G89Jw
phantom-requiem,PHANTOM REQUIEM — the film,Film,2024,"Writer, director, composer and producer of the 5-minute stop-motion short; Jury Special Mention, Winter Screenings 2024",82,quarantine,724,canal50.com,D,2,unverified,"Spam, Scraper, Syndication, SEO-Poisoning & Low-Trust",,https://canal50.com/player-2020.asp?video=UX2kv3G89Jw&letra=4280&version=movil&autoplay=1
phantom-requiem,PHANTOM REQUIEM — the film,Film,2024,"Writer, director, composer and producer of the 5-minute stop-motion short; Jury Special Mention, Winter Screenings 2024",82,quarantine,725,stb.hu,D,2,unverified,"Spam, Scraper, Syndication, SEO-Poisoning & Low-Trust",,https://www.stb.hu/youtube/UX2kv3G89Jw
phantom-requiem,PHANTOM REQUIEM — the film,Film,2024,"Writer, director, composer and producer of the 5-minute stop-motion short; Jury Special Mention, Winter Screenings 2024",82,quarantine,726,youtubu.tv,D,1,unverified,"Spam, Scraper, Syndication, SEO-Poisoning & Low-Trust",,https://youtubu.tv/watch?v=UX2kv3G89Jw
phantom-requiem,PHANTOM REQUIEM — the film,Film,2024,"Writer, director, composer and producer of the 5-minute stop-motion short; Jury Special Mention, Winter Screenings 2024",82,quarantine,727,lu.etvplayvideos.com,D,0,unverified,"Spam, Scraper, Syndication, SEO-Poisoning & Low-Trust",,https://lu.etvplayvideos.com/UX2kv3G89Jw/v
bmc-radio,BMC RADIO ART — Black Mountain College Museum + Arts Center commission,Radio commission,2021,"Commissioned radio artist — the 30-minute work “Cheaper Impressions”, broadcast, episode bio and listening session",22,canonical,5,blackmountaincollege.org,A,99,unverified,Press & Editorial,"BROADCAST: BMC RADIO ARTIST ZAZIE PRODUCTIONS — Commissioned radio artist bio, broadcast + interview announcement",https://www.blackmountaincollege.org/broadcast-bmc-radio-artist-zazie-productions
bmc-radio,BMC RADIO ART — Black Mountain College Museum + Arts Center commission,Radio commission,2021,"Commissioned radio artist — the 30-minute work “Cheaper Impressions”, broadcast, episode bio and listening session",22,canonical,108,blackmountaincollege.org,C,86,unverified,Press & Editorial,,https://www.blackmountaincollege.org/2021-black-mountain-college-radio-art
bmc-radio,BMC RADIO ART — Black Mountain College Museum + Arts Center commission,Radio commission,2021,"Commissioned radio artist — the 30-minute work “Cheaper Impressions”, broadcast, episode bio and listening session",22,distribution,18,podcasts.apple.com,A,94,unverified,Press & Editorial,BMC Radio Art: Zazie Productions - Cheaper Impressions Podcast distribution listing Subject: Cheaper Impressions,https://podcasts.apple.com/au/podcast/bmc-radio-art-zazie-productions-cheaper-impressions/id1538618362?i=1000545099810
bmc-radio,BMC RADIO ART — Black Mountain College Museum + Arts Center commission,Radio commission,2021,"Commissioned radio artist — the 30-minute work “Cheaper Impressions”, broadcast, episode bio and listening session",22,distribution,44,soundcloud.com,A,92,unverified,Press & Editorial,BMC Radio Art: Zazie Productions - Cheaper Impressions Hosted commissioned radio artwork and artist description,https://soundcloud.com/bmcmuseum/bmc-radio-art-zazie-productions-cheaper-impressions
bmc-radio,BMC RADIO ART — Black Mountain College Museum + Arts Center commission,Radio commission,2021,"Commissioned radio artist — the 30-minute work “Cheaper Impressions”, broadcast, episode bio and listening session",22,distribution,116,listennotes.com,B,85,verified,Press & Editorial,,https://www.listennotes.com/podcasts/black-mountain/bmc-radio-art-zazie-atrX8jsp-6h
bmc-radio,BMC RADIO ART — Black Mountain College Museum + Arts Center commission,Radio commission,2021,"Commissioned radio artist — the 30-minute work “Cheaper Impressions”, broadcast, episode bio and listening session",22,distribution,110,podcasts-online.org,A,85,unverified,Podcasts & Broadcasts,,https://www.podcasts-online.org/es/black-mountain-college-radio1-1538618362
bmc-radio,BMC RADIO ART — Black Mountain College Museum + Arts Center commission,Radio commission,2021,"Commissioned radio artist — the 30-minute work “Cheaper Impressions”, broadcast, episode bio and listening session",22,distribution,141,ivoox.com,A,83,unverified,Podcasts & Broadcasts,,https://www.ivoox.com/en/bmc-radio-art-zazie-productions-cheaper-impressions-audios-mp3_rf_122698439_1.html
bmc-radio,BMC RADIO ART — Black Mountain College Museum + Arts Center commission,Radio commission,2021,"Commissioned radio artist — the 30-minute work “Cheaper Impressions”, broadcast, episode bio and listening session",22,distribution,139,podcast365.ro,A,83,unverified,Podcasts & Broadcasts,tions-cheaper-impressions-XCIxLKgUQq,https://podcast365.ro/episoade/black-mountain-college-radio/bmc-radio-art-zazie-productions-cheaper-impressions-XCIxLKgUQq
bmc-radio,BMC RADIO ART — Black Mountain College Museum + Arts Center commission,Radio commission,2021,"Commissioned radio artist — the 30-minute work “Cheaper Impressions”, broadcast, episode bio and listening session",22,distribution,143,tunein.com,A,83,unverified,Podcasts & Broadcasts,,https://tunein.com/podcasts/Arts--Culture-Podcasts/Black-Mountain-College-Radio-p2041208
bmc-radio,BMC RADIO ART — Black Mountain College Museum + Arts Center commission,Radio commission,2021,"Commissioned radio artist — the 30-minute work “Cheaper Impressions”, broadcast, episode bio and listening session",22,distribution,179,podcasts.apple.com,C,81,unverified,Press & Editorial,Zazie Productions,https://podcasts.apple.com/au/podcast/bmc-radio-art-zazie-productions-cheaper-impressions
bmc-radio,BMC RADIO ART — Black Mountain College Museum + Arts Center commission,Radio commission,2021,"Commissioned radio artist — the 30-minute work “Cheaper Impressions”, broadcast, episode bio and listening session",22,event,129,stayhappening.com,A,84,unverified,"Film, Festivals & Exhibitions",,https://stayhappening.com/e/bmc-radio-artist-listening-session-E2ISU3XHU9F
bmc-radio,BMC RADIO ART — Black Mountain College Museum + Arts Center commission,Radio commission,2021,"Commissioned radio artist — the 30-minute work “Cheaper Impressions”, broadcast, episode bio and listening session",22,archive,84,web.archive.org,A,89,unverified,Press & Editorial,14 captures 5 Dec 2021 - 9 May 2026; content identical to live page (still 'Postponed - Date TBD'). Confirms the BMC page has existed unchanged since Dec 2021 - the copy source for the BMC_LEVINSON_SPAM_CLUSTER.,http://web.archive.org/web/20211205210444/https://www.blackmountaincollege.org/broadcast-bmc-radio-artist-zazie-productions
bmc-radio,BMC RADIO ART — Black Mountain College Museum + Arts Center commission,Radio commission,2021,"Commissioned radio artist — the 30-minute work “Cheaper Impressions”, broadcast, episode bio and listening session",22,quarantine,666,childrenofyemen.org,D,16,not-probed-safety,"Spam, Scraper, Syndication, SEO-Poisoning & Low-Trust",,https://childrenofyemen.org/zvgw5/black-mountain-college-ira-and-ruth-levinson-museum
bmc-radio,BMC RADIO ART — Black Mountain College Museum + Arts Center commission,Radio commission,2021,"Commissioned radio artist — the 30-minute work “Cheaper Impressions”, broadcast, episode bio and listening session",22,quarantine,673,smartpersonsguide.com,D,14,not-probed-safety,"Spam, Scraper, Syndication, SEO-Poisoning & Low-Trust",Guru Meditation Error - Zazie Productions - 单曲 - 网...,https://smartpersonsguide.com/MNNiI/black-mountain-college-ira-and-ruth-levinson-museum
bmc-radio,BMC RADIO ART — Black Mountain College Museum + Arts Center commission,Radio commission,2021,"Commissioned radio artist — the 30-minute work “Cheaper Impressions”, broadcast, episode bio and listening session",22,quarantine,674,archivio.lavocedinovara.com,D,13,not-probed-safety,"Spam, Scraper, Syndication, SEO-Poisoning & Low-Trust",,https://archivio.lavocedinovara.com/KmDEB/black-mountain-college-ira-and-ruth-levinson-museum
bmc-radio,BMC RADIO ART — Black Mountain College Museum + Arts Center commission,Radio commission,2021,"Commissioned radio artist — the 30-minute work “Cheaper Impressions”, broadcast, episode bio and listening session",22,quarantine,677,maynenkhikobelco.com,D,13,not-probed-safety,"Spam, Scraper, Syndication, SEO-Poisoning & Low-Trust",,https://maynenkhikobelco.com/ZVuos/black-mountain-college-ira-and-ruth-levinson-museum
bmc-radio,BMC RADIO ART — Black Mountain College Museum + Arts Center commission,Radio commission,2021,"Commissioned radio artist — the 30-minute work “Cheaper Impressions”, broadcast, episode bio and listening session",22,quarantine,678,patchworkers.info,D,13,not-probed-safety,"Spam, Scraper, Syndication, SEO-Poisoning & Low-Trust",,https://patchworkers.info/ac-valhalla/black-mountain-college-ira-and-ruth-levinson-museum
bmc-radio,BMC RADIO ART — Black Mountain College Museum + Arts Center commission,Radio commission,2021,"Commissioned radio artist — the 30-minute work “Cheaper Impressions”, broadcast, episode bio and listening session",22,quarantine,679,powerkabel.com.pe,D,13,not-probed-safety,"Spam, Scraper, Syndication, SEO-Poisoning & Low-Trust",,https://powerkabel.com.pe/love-quotes/black-mountain-college-ira-and-ruth-levinson-museum
bmc-radio,BMC RADIO ART — Black Mountain College Museum + Arts Center commission,Radio commission,2021,"Commissioned radio artist — the 30-minute work “Cheaper Impressions”, broadcast, episode bio and listening session",22,quarantine,681,slatersgarage.com,D,13,not-probed-safety,"Spam, Scraper, Syndication, SEO-Poisoning & Low-Trust",,https://slatersgarage.com/PxyL/black-mountain-college-ira-and-ruth-levinson-museum
bmc-radio,BMC RADIO ART — Black Mountain College Museum + Arts Center commission,Radio commission,2021,"Commissioned radio artist — the 30-minute work “Cheaper Impressions”, broadcast, episode bio and listening session",22,quarantine,699,shoshanagarfield.com,D,11,not-probed-safety,"Spam, Scraper, Syndication, SEO-Poisoning & Low-Trust",,https://shoshanagarfield.com/bidirectional-lstm/black-mountain-college-ira-and-ruth-levinson-museum
bmc-radio,BMC RADIO ART — Black Mountain College Museum + Arts Center commission,Radio commission,2021,"Commissioned radio artist — the 30-minute work “Cheaper Impressions”, broadcast, episode bio and listening session",22,quarantine,703,lcofcu.com,D,10,not-probed-safety,"Spam, Scraper, Syndication, SEO-Poisoning & Low-Trust",,https://lcofcu.com/4o5ct9/archive.php?tag=black-mountain-college-ira-and-ruth-levinson-museum
bmc-radio,BMC RADIO ART — Black Mountain College Museum + Arts Center commission,Radio commission,2021,"Commissioned radio artist — the 30-minute work “Cheaper Impressions”, broadcast, episode bio and listening session",22,quarantine,718,hiontech.kr,D,6,not-probed-safety,"Spam, Scraper, Syndication, SEO-Poisoning & Low-Trust",,http://hiontech.kr/data/persuasive-speech/black-mountain-college-ira-and-ruth-levinson-museum
vanishing-point-syndicate,THE VANISHING POINT SYNDICATE — independent netlabel,Label / own platform,2026,Founder and curator; launched the netlabel and its first compilation,7,canonical,126,thevanishingpointsyndicate.bandcamp.com,B,84,verified,Profiles & Catalogs,Dissonance Index Vol. 1 | The Vanishing Point Syndicate,https://thevanishingpointsyndicate.bandcamp.com/album/dissonance-index-vol-1-various-artists
vanishing-point-syndicate,THE VANISHING POINT SYNDICATE — independent netlabel,Label / own platform,2026,Founder and curator; launched the netlabel and its first compilation,7,catalogue,329,discogs.com,C,75,unverified,Music Compilations,Various Dissonance Index Vol 1,https://www.discogs.com/release/33890583-Various-Dissonance-Index-Vol-1
vanishing-point-syndicate,THE VANISHING POINT SYNDICATE — independent netlabel,Label / own platform,2026,Founder and curator; launched the netlabel and its first compilation,7,press,236,news.prfree.org,A,78,unverified,Press & Editorial,"Zazie Productions Launches The Vanishing Point Syndicate, a Bold New NetLabel, with Dissonance Index Vol. 1 Issued press release Subject: The Vanishing Point Syndicate / Dissonance Index Vol. 1",https://news.prfree.org/@noisemusicnewsdaily/zazie-productions-launches-the-vanishing-point-syndicate-a-bold-new-netlabel-with-dissonance-index-vol-1-a-global-underground-compilation-krmhmvbx1u59
vanishing-point-syndicate,THE VANISHING POINT SYNDICATE — independent netlabel,Label / own platform,2026,Founder and curator; launched the netlabel and its first compilation,7,mirror,215,telegra.ph,A,79,unverified,Press & Editorial,Zazie Productions Unleashes The Vanishing Point Syndicate with Dissonance Index Compilation Dedicated hosted article Subject: The Vanishing Point Syndicate,https://telegra.ph/Zazie-Productions-Unleashes-The-Vanishing-Point-Syndicate-with-Dissonance-Index-Compilation-03-17
vanishing-point-syndicate,THE VANISHING POINT SYNDICATE — independent netlabel,Label / own platform,2026,Founder and curator; launched the netlabel and its first compilation,7,mirror,309,telegra.ph,A,75,unverified,Press & Editorial,n-02-12,https://telegra.ph/Zazie-Productions-The-Eccentric-Savant-Who-Is-Redefining-Sound-and-Vision-02-12
vanishing-point-syndicate,THE VANISHING POINT SYNDICATE — independent netlabel,Label / own platform,2026,Founder and curator; launched the netlabel and its first compilation,7,quarantine,612,thevanishingpointsyndicate.bandcamp.com,D,39,verified,"Spam, Scraper, Syndication, SEO-Poisoning & Low-Trust",Pyrogenesis | Zazie Productions,https://thevanishingpointsyndicate.bandcamp.com/track/pyrogenesis
vanishing-point-syndicate,THE VANISHING POINT SYNDICATE — independent netlabel,Label / own platform,2026,Founder and curator; launched the netlabel and its first compilation,7,quarantine,618,creators.spotify.com,D,31,unverified,"Spam, Scraper, Syndication, SEO-Poisoning & Low-Trust",The Online Frontier of Sound: Exploring The Vanishing Point Syndicate's First Compilation Episode centers the artist’s new online label Subject: The Vanishing Point Syndicate,https://creators.spotify.com/pod/profile/fsftf/episodes/The-Online-Frontier-of-Sound-Exploring-The-Vanishing-Point-Syndicates-First-Compilation-e30bl26
pvtv-fringe-flicks,PVTV FRINGE FLICKS — screening series (People Versus TV),Screening series,2025,Filmmaker in the programme; the short screened in the Fringe Flicks edition,6,canonical,40,peopleversus.tv,A,92,unverified,Press & Editorial,Superpresent Magazine.pdf,https://www.peopleversus.tv/fringe-flicks
pvtv-fringe-flicks,PVTV FRINGE FLICKS — screening series (People Versus TV),Screening series,2025,Filmmaker in the programme; the short screened in the Fringe Flicks edition,6,event,199,mycommunitycinema.org.uk,A,80,unverified,"Film, Festivals & Exhibitions",ort-films/,https://mycommunitycinema.org.uk/screening/fringe-flicks-kenneth-angers-lucifer-rising-1972-short-films
pvtv-fringe-flicks,PVTV FRINGE FLICKS — screening series (People Versus TV),Screening series,2025,Filmmaker in the programme; the short screened in the Fringe Flicks edition,6,event,204,mycommunitycinema.org.uk,A,79,unverified,"Film, Festivals & Exhibitions",,https://mycommunitycinema.org.uk/cinema/pvtv-fringe-flicks-2
pvtv-fringe-flicks,PVTV FRINGE FLICKS — screening series (People Versus TV),Screening series,2025,Filmmaker in the programme; the short screened in the Fringe Flicks edition,6,event,286,eventbrite.co.uk,C,76,verified,Profiles & Catalogs,"Confirms date/venue (Fri 4 Apr 2025, DoES Liverpool). No target name visible.",https://www.eventbrite.co.uk/e/pvtv-fringe-flicks-kenneth-angers-lucifer-rising-short-films-tickets-1266128637839
pvtv-fringe-flicks,PVTV FRINGE FLICKS — screening series (People Versus TV),Screening series,2025,Filmmaker in the programme; the short screened in the Fringe Flicks edition,6,reference,48,patreon.com,B,91,verified,Press & Editorial,PVTV Patreon Monthly Update – April 2025,https://www.patreon.com/posts/pvtv-patreon-125656656
pvtv-fringe-flicks,PVTV FRINGE FLICKS — screening series (People Versus TV),Screening series,2025,Filmmaker in the programme; the short screened in the Fringe Flicks edition,6,archive,13,web.archive.org,A,94,verified,Press & Editorial,PVTV Fringe Flicks Archive: April 2025 (Wayback; live page 404),http://web.archive.org/web/20260215233256/https://www.peopleversus.tv/fringe-flicks-archive/april-2025
constrained-capacity,CONSTRAINED CAPACITY — full-length release,Release (own),2022,Composer and performer; self-released album,4,credit,259,zazieproductions.bandcamp.com,B,77,unverified,Official Properties & Channels,Constrained Capacity,https://zazieproductions.bandcamp.com/album/constrained-capacity
constrained-capacity,CONSTRAINED CAPACITY — full-length release,Release (own),2022,Composer and performer; self-released album,4,catalogue,92,discogs.com,B,88,verified,Profiles & Catalogs,Zazie Productions – Constrained Capacity (Discogs release),https://www.discogs.com/release/35541229-Zazie-Productions-Constrained-Capacity
constrained-capacity,CONSTRAINED CAPACITY — full-length release,Release (own),2022,Composer and performer; self-released album,4,distribution,390,qobuz.com,B,73,unverified,Streaming & Music Platforms,,https://www.qobuz.com/us-en/album/constrained-capacity-zazie-productions/bvwuboa98rchb
constrained-capacity,CONSTRAINED CAPACITY — full-length release,Release (own),2022,Composer and performer; self-released album,4,reference,470,reddit.com,C,69,verified,"Community, Wiki & Fan Indexes",r/lastfm thread – ManicMolotov recommends Constrained Capacity (May 2022),https://www.reddit.com/r/lastfm/comments/ujng7o/12x12_past_year_please_recommend_me_some_music
church-of-malware,CHURCH OF MALWARE — codex “Poison in the Well”,Collaboration / codex,2026,Named researcher/contributor in the community codex edition,6,canonical,121,codex.churchofmalware.org,B,84,verified,Press & Editorial,,https://codex.churchofmalware.org/editions/ed001
church-of-malware,CHURCH OF MALWARE — codex “Poison in the Well”,Collaboration / codex,2026,Named researcher/contributor in the community codex edition,6,canonical,146,churchofmalware.org,A,83,unverified,Profiles & Catalogs,“Zazie Kanwar-Torge”,https://churchofmalware.org/codex
church-of-malware,CHURCH OF MALWARE — codex “Poison in the Well”,Collaboration / codex,2026,Named researcher/contributor in the community codex edition,6,canonical,148,git.churchofmalware.org,A,83,unverified,Profiles & Catalogs,“Zazie Kanwar-Torge”,https://git.churchofmalware.org
church-of-malware,CHURCH OF MALWARE — codex “Poison in the Well”,Collaboration / codex,2026,Named researcher/contributor in the community codex edition,6,canonical,466,churchofmalware.org,C,69,unverified,Profiles & Catalogs,,https://churchofmalware.org
church-of-malware,CHURCH OF MALWARE — codex “Poison in the Well”,Collaboration / codex,2026,Named researcher/contributor in the community codex edition,6,reference,285,instagram.com,C,76,unverified,Press & Editorial,Poison in the Well (Church of Malware Community Codex),https://www.instagram.com/church.of.malware
church-of-malware,CHURCH OF MALWARE — codex “Poison in the Well”,Collaboration / codex,2026,Named researcher/contributor in the community codex edition,6,quarantine,616,codex.churchofmalware.org,D,35,verified,"Spam, Scraper, Syndication, SEO-Poisoning & Low-Trust","ZAZIE PRODUCTIONS · Poison, The Well, Adversarial Audio, and Machine Learning · Edition I — Summer 2026",https://codex.churchofmalware.org/researchers/ed001/zazie
comp-i-want-to-believe-x-files-tribute,I Want To Believe (X-files Tribute),Compilation appearance,,track “Trust No Signal”,5,canonical,495,internetdaemon.bandcamp.com,C,68,unverified,Music Compilations,,https://internetdaemon.bandcamp.com
comp-i-want-to-believe-x-files-tribute,I Want To Believe (X-files Tribute),Compilation appearance,,track “Trust No Signal”,5,catalogue,368,discogs.com,C,75,unverified,Music Compilations,VA I Want To Believe X files Tribute,https://www.discogs.com/release/37900812-VA-I-Want-To-Believe-X-files-Tribute
comp-i-want-to-believe-x-files-tribute,I Want To Believe (X-files Tribute),Compilation appearance,,track “Trust No Signal”,5,mirror,154,archive.org,B,83,verified,Music Compilations,V/A - I want to Believe (X-files Tribute) | Internet Archive,https://archive.org/details/v-a-i-want-to-believe
comp-i-want-to-believe-x-files-tribute,I Want To Believe (X-files Tribute),Compilation appearance,,track “Trust No Signal”,5,mirror,212,clongclongmoo.org,B,79,verified,"Community, Wiki & Fan Indexes",Credit-list link to zazieproductions.bandcamp.com.,https://www.clongclongmoo.org/2026/07/17/various-artist-%f0%9f%91%bd-i-want-to-believe-x-files-tribute%f0%9f%94%8d
comp-i-want-to-believe-x-files-tribute,I Want To Believe (X-files Tribute),Compilation appearance,,track “Trust No Signal”,5,mirror,233,soundshiva.net,B,78,verified,Music Compilations,Release I want to Believe (X-files Tribute),https://www.soundshiva.net/release/various-artists-i-want-to-believe-x-files-tribute
comp-music-inspired-by-mulholland-drive,Music Inspired By Mulholland Drive,Compilation appearance,,track “Club Silencio Acoustic Survey”,5,canonical,299,internetdaemon.bandcamp.com,C,75,verified,Music Compilations,Music Inspired by Mulholland Drive | Internet Daemon,https://internetdaemon.bandcamp.com/album/music-inspired-by-mulholland-drive
comp-music-inspired-by-mulholland-drive,Music Inspired By Mulholland Drive,Compilation appearance,,track “Club Silencio Acoustic Survey”,5,canonical,495,internetdaemon.bandcamp.com,C,68,unverified,Music Compilations,,https://internetdaemon.bandcamp.com
comp-music-inspired-by-mulholland-drive,Music Inspired By Mulholland Drive,Compilation appearance,,track “Club Silencio Acoustic Survey”,5,catalogue,358,discogs.com,C,75,unverified,Music Compilations,Various Music Inspired By Mulholland Drive,https://www.discogs.com/release/36906384-Various-Music-Inspired-By-Mulholland-Drive
comp-music-inspired-by-mulholland-drive,Music Inspired By Mulholland Drive,Compilation appearance,,track “Club Silencio Acoustic Survey”,5,mirror,155,archive.org,B,83,verified,Music Compilations,VA - Music Inspired by Mulholland Drive | Internet Archive,https://archive.org/details/va-music-inspired-on-mulholland-drive
comp-music-inspired-by-mulholland-drive,Music Inspired By Mulholland Drive,Compilation appearance,,track “Club Silencio Acoustic Survey”,5,mirror,234,soundshiva.net,B,78,verified,Music Compilations,Release Music Inspired by Mulholland Drive,https://www.soundshiva.net/release/various-artists-music-inspired-by-mulholland-drive
comp-experiments-on-the-witch-house,Experiments on the Witch House,Compilation appearance,,The Høuse FΩrgøt Its Name / Hex Ritual,5,canonical,298,internetdaemon.bandcamp.com,C,75,verified,Music Compilations,Experiments on the Witch House [selected tracks] | Internet Daemon,https://internetdaemon.bandcamp.com/album/experiments-on-the-witch-house-selected-tracks
comp-experiments-on-the-witch-house,Experiments on the Witch House,Compilation appearance,,The Høuse FΩrgøt Its Name / Hex Ritual,5,canonical,495,internetdaemon.bandcamp.com,C,68,unverified,Music Compilations,,https://internetdaemon.bandcamp.com
comp-experiments-on-the-witch-house,Experiments on the Witch House,Compilation appearance,,The Høuse FΩrgøt Its Name / Hex Ritual,5,catalogue,341,discogs.com,C,75,unverified,Music Compilations,Various Experiments on the Witch House,https://www.discogs.com/release/35531737-Various-Experiments-on-the-Witch-House
comp-experiments-on-the-witch-house,Experiments on the Witch House,Compilation appearance,,The Høuse FΩrgøt Its Name / Hex Ritual,5,mirror,211,clongclongmoo.org,B,79,verified,"Community, Wiki & Fan Indexes",Credit-list link to zazieproductions.bandcamp.com.,https://www.clongclongmoo.org/2025/10/31/various-artist-%e2%96%bc-experiments-on-the-witch-house-%e2%96%b2
comp-experiments-on-the-witch-house,Experiments on the Witch House,Compilation appearance,,The Høuse FΩrgøt Its Name / Hex Ritual,5,mirror,251,archive.org,C,77,verified,Music Compilations,V/A - Experiments on the Witch House,https://archive.org/details/experiments-on-the-witch-house
comp-shadowlands-4,Shadowlands 4,Compilation appearance,,Seroquel Coma,4,canonical,440,owlripperrecordings.bandcamp.com,C,70,unverified,Music Compilations,,https://owlripperrecordings.bandcamp.com/album/comp27-shadowlands-4
comp-shadowlands-4,Shadowlands 4,Compilation appearance,,Seroquel Coma,4,catalogue,317,discogs.com,C,75,unverified,Music Compilations,Various Shadowlands 4,https://www.discogs.com/release/28865734-Various-Shadowlands-4
comp-shadowlands-4,Shadowlands 4,Compilation appearance,,Seroquel Coma,4,reference,46,casey-douglass.com,A,91,unverified,Press & Editorial,Dark Ambient: Shadowlands 4 Is Out Now! Named in embedded compilation tracklist Subject: Shadowlands 4 / Seroquel Coma,https://www.casey-douglass.com/2023/11/dark-ambient-shadowlands-4-is-out-now.html
comp-shadowlands-4,Shadowlands 4,Compilation appearance,,Seroquel Coma,4,reference,56,casey-douglass.com,A,90,unverified,Press & Editorial,,https://www.casey-douglass.com/2023/11/dark-ambient-shadowlands-4-is-out-now.html?m=1
doom-compilation,DOOM — A Creative Commons Music Compilation (Dawn of Darkness),Compilation appearance,2025,Track “7.4mm Under Orange Lights”,4,canonical,297,internetdaemon.bandcamp.com,C,75,verified,Music Compilations,DOOM / A Creative Commons Music Compilation | Dawn of Darkness / Internet Daemon,https://internetdaemon.bandcamp.com/album/doom-a-creative-commons-music-compilation
doom-compilation,DOOM — A Creative Commons Music Compilation (Dawn of Darkness),Compilation appearance,2025,Track “7.4mm Under Orange Lights”,4,catalogue,232,discogs.com,C,78,verified,Music Compilations,Various – Doom / A Creative Commons Music Compilation (Dawn Of Darkness 2026),https://www.discogs.com/release/38147292-Various-Doom-A-Creative-Commons-Music-Compilation
doom-compilation,DOOM — A Creative Commons Music Compilation (Dawn of Darkness),Compilation appearance,2025,Track “7.4mm Under Orange Lights”,4,mirror,213,clongclongmoo.org,B,79,verified,"Community, Wiki & Fan Indexes",Credit-list link to zazieproductions.bandcamp.com.,https://www.clongclongmoo.org/2026/08/14/various-artist-doom-a-creative-commons-music-compilation
doom-compilation,DOOM — A Creative Commons Music Compilation (Dawn of Darkness),Compilation appearance,2025,Track “7.4mm Under Orange Lights”,4,mirror,252,archive.org,C,77,verified,Music Compilations,V/A - DOOM / A Creative Commons Music Compilation,https://archive.org/details/va-doom-a-creative-commons-music-compilation
comp-42-seconds-7,42 Seconds #7,Compilation appearance,,Plumbus Overture,4,canonical,501,owlripperrecordings.bandcamp.com,C,68,unverified,Music Compilations,,https://owlripperrecordings.bandcamp.com
comp-42-seconds-7,42 Seconds #7,Compilation appearance,,Plumbus Overture,4,catalogue,320,discogs.com,C,75,unverified,Music Compilations,Various 42 Seconds 7,https://www.discogs.com/release/32706429-Various-42-Seconds-7
comp-42-seconds-7,42 Seconds #7,Compilation appearance,,Plumbus Overture,4,reference,448,séraphitüs-séraphîta.weebly.com,C,70,unverified,Profiles & Catalogs,,https://séraphitüs-séraphîta.weebly.com/blog/42-seconds-7-compilation-on-owlripper-recordings
comp-42-seconds-7,42 Seconds #7,Compilation appearance,,Plumbus Overture,4,reference,571,xn--sraphits-sraphta-bqbj3h5m.weebly.com,C,61,unverified,Music Compilations,,https://xn--sraphits-sraphta-bqbj3h5m.weebly.com/blog/42-seconds-7-compilation-on-owlripper-recordings
comp-arrhythnia-digital-net-label-compilation-4-experimental-musi,ArrhythNia Digital Net Label Compilation 4: Experimental Music And Noise,Compilation appearance,,The Day That You Killed Yourself,3,canonical,431,arrhythniarecords.bandcamp.com,C,70,unverified,Music Compilations,,https://arrhythniarecords.bandcamp.com/album/arrhythnia-digital-net-label-compilation-4-experimental-music-and-noise-anr122
comp-arrhythnia-digital-net-label-compilation-4-experimental-musi,ArrhythNia Digital Net Label Compilation 4: Experimental Music And Noise,Compilation appearance,,The Day That You Killed Yourself,3,catalogue,319,discogs.com,C,75,unverified,Music Compilations,Various ArrhythNia Digital Net Label Compilation 4 Experimental Music And Noise,https://www.discogs.com/release/30238304-Various-ArrhythNia-Digital-Net-Label-Compilation-4-Experimental-Music-And-Noise
comp-arrhythnia-digital-net-label-compilation-4-experimental-musi,ArrhythNia Digital Net Label Compilation 4: Experimental Music And Noise,Compilation appearance,,The Day That You Killed Yourself,3,reference,35,tinnitist.com,A,92,unverified,Press & Editorial,ArrhythNia Digital Net Label Compilation 4: Experimental Music And Noise (aNr122),https://tinnitist.com/tag/zazie-productions
comp-ju-on-the-music-compilation,Ju-On (咒怨) The Music Compilation,Compilation appearance,,Izumi’s Disappearance,3,canonical,495,internetdaemon.bandcamp.com,C,68,unverified,Music Compilations,,https://internetdaemon.bandcamp.com
comp-ju-on-the-music-compilation,Ju-On (咒怨) The Music Compilation,Compilation appearance,,Izumi’s Disappearance,3,catalogue,334,discogs.com,C,75,unverified,Music Compilations,Various Ju On 呪怨 The Music Compilation,https://www.discogs.com/release/34647799-Various-Ju-On-%E5%91%AA%E6%80%A8-The-Music-Compilation
comp-ju-on-the-music-compilation,Ju-On (咒怨) The Music Compilation,Compilation appearance,,Izumi’s Disappearance,3,mirror,167,archive.org,B,82,verified,Music Compilations,V/A - Ju-On (呪怨) The music compilation | Internet Archive,https://archive.org/details/ju-on-the-music-compilation
comp-shards-vol-1,SHARDS // Vol. 1,Compilation appearance,,track “Vibroscriptorium”,3,canonical,514,z-dimension.bandcamp.com,C,68,unverified,Music Compilations,,https://z-dimension.bandcamp.com/album/shards-vol-1
comp-shards-vol-1,SHARDS // Vol. 1,Compilation appearance,,track “Vibroscriptorium”,3,catalogue,357,discogs.com,C,75,unverified,Music Compilations,Various SHARDS Vol 1,https://www.discogs.com/release/36836716-Various-SHARDS--Vol-1
comp-shards-vol-1,SHARDS // Vol. 1,Compilation appearance,,track “Vibroscriptorium”,3,reference,184,z-dimension.org,B,80,verified,Music Compilations,SHARDS // Vol.1 – Z-Dimension Compilation,https://z-dimension.org/shards-vol-1
canty-get-eyes,“CAN’T GET MY EYES OFF YOU (123)” — single and its press wave,Release + press wave,2025,"Composer, performer and featured artist; the release that generated the international review wave",15,press,14,heavymag.com.au,A,94,unverified,Press & Editorial,ZAZIE PRODUCTIONS Unleash Eclectic Single ‘Can’t Get My Eyes Off You (123)’,https://heavymag.com.au/zazie-productions-unleash-eclectic-single-cant-get-my-eyes-off-you-123
canty-get-eyes,“CAN’T GET MY EYES OFF YOU (123)” — single and its press wave,Release + press wave,2025,"Composer, performer and featured artist; the release that generated the international review wave",15,press,20,grammyweekly.com,A,93,unverified,Press & Editorial,Zazie Productions: The Underground Polymath Redefining Experimental Music — Dedicated artist profile,https://grammyweekly.com/zazie-productions-the-underground-polymath-redefining-experimental-music
canty-get-eyes,“CAN’T GET MY EYES OFF YOU (123)” — single and its press wave,Release + press wave,2025,"Composer, performer and featured artist; the release that generated the international review wave",15,press,28,whitelight-whiteheat.com,A,93,unverified,Press & Editorial,,https://www.whitelight-whiteheat.com/wl-wh-weekly-shoegaze-dreampop-psychedelic-indie-tips-36-25
canty-get-eyes,“CAN’T GET MY EYES OFF YOU (123)” — single and its press wave,Release + press wave,2025,"Composer, performer and featured artist; the release that generated the international review wave",15,press,34,soundsgoodwebzine.com,A,92,unverified,Press & Editorial,Zazie Productions – “Can’t Get My Eyes Off You (123)”,https://www.soundsgoodwebzine.com/zazie-productions-cant-get-my-eyes-off-you-123
canty-get-eyes,“CAN’T GET MY EYES OFF YOU (123)” — single and its press wave,Release + press wave,2025,"Composer, performer and featured artist; the release that generated the international review wave",15,press,101,disconecta.com.br,A,87,unverified,Press & Editorial,,https://disconecta.com.br/resenhas/resenhas-de-discos/playlist-autoral-15-rock-jazz
canty-get-eyes,“CAN’T GET MY EYES OFF YOU (123)” — single and its press wave,Release + press wave,2025,"Composer, performer and featured artist; the release that generated the international review wave",15,press,102,indieam.com.mx,A,87,unverified,Press & Editorial,Reseña: Zazie Productions y Unwashed Miscreant rompen esquemas con ‘Can’t Get My Eyes Off You (123)’,https://indieam.com.mx/2025/02/08/resena-zazie-productions-y-unwashed-miscreant-rompen-esquemas-con-cant-get-my-eyes-off-you-123
canty-get-eyes,“CAN’T GET MY EYES OFF YOU (123)” — single and its press wave,Release + press wave,2025,"Composer, performer and featured artist; the release that generated the international review wave",15,press,98,legateaugallery.com,A,87,unverified,Press & Editorial,ZAZIE PRODUCTIONS Unleash Eclectic Single 'Can't Get My Eyes Off You (123)' | HEAVY,https://www.legateaugallery.com/in-dreams-main.html
canty-get-eyes,“CAN’T GET MY EYES OFF YOU (123)” — single and its press wave,Release + press wave,2025,"Composer, performer and featured artist; the release that generated the international review wave",15,press,115,disconecta.com.br,A,85,unverified,Press & Editorial,,https://disconecta.com.br/resenhas/resenhas-de-discos/playlist-autoral-15-rock-jazz/#gsc.tab=0
canty-get-eyes,“CAN’T GET MY EYES OFF YOU (123)” — single and its press wave,Release + press wave,2025,"Composer, performer and featured artist; the release that generated the international review wave",15,press,118,legateaugallery.com,B,85,verified,"Film, Festivals & Exhibitions",Zazie Productions | LE GATEAU GALLERY,https://www.legateaugallery.com/zazie-productions.html
canty-get-eyes,“CAN’T GET MY EYES OFF YOU (123)” — single and its press wave,Release + press wave,2025,"Composer, performer and featured artist; the release that generated the international review wave",15,press,111,radioclickdigital.com.ar,A,85,unverified,Press & Editorial,n-cant-get-my-eyes-off-you-123/,https://www.radioclickdigital.com.ar/zazie-productions-desafia-los-limites-con-su-nuevo-sonido-en-cant-get-my-eyes-off-you-123
canty-get-eyes,“CAN’T GET MY EYES OFF YOU (123)” — single and its press wave,Release + press wave,2025,"Composer, performer and featured artist; the release that generated the international review wave",15,press,159,shockwebradio.com,A,82,unverified,Press & Editorial,Zazie Productions y el experimento sonoro que desafía la lógica: ‘CAN’T GET MY EYES OFF YOU (123)’,https://shockwebradio.com/musica/zazie-productions-y-el-experimento-sonoro-que-desafia-la-logica-cant-get-my-eyes-off-you-123
canty-get-eyes,“CAN’T GET MY EYES OFF YOU (123)” — single and its press wave,Release + press wave,2025,"Composer, performer and featured artist; the release that generated the international review wave",15,press,180,rockculture.es,C,81,unverified,Press & Editorial,“Zazie Productions”,https://www.rockculture.es/noticias--zazie-productions-
canty-get-eyes,“CAN’T GET MY EYES OFF YOU (123)” — single and its press wave,Release + press wave,2025,"Composer, performer and featured artist; the release that generated the international review wave",15,press,187,whitelight-whiteheat.com,C,80,unverified,Press & Editorial,,https://www.whitelight-whiteheat.com/wl-wh-weekly-shoegaze-dreampop-psychedelic-indie-tips36-25
canty-get-eyes,“CAN’T GET MY EYES OFF YOU (123)” — single and its press wave,Release + press wave,2025,"Composer, performer and featured artist; the release that generated the international review wave",15,press,214,soundsgoodwebzine.com,C,79,unverified,Press & Editorial,,https://www.soundsgoodwebzine.com/tag/zazie-productions
canty-get-eyes,“CAN’T GET MY EYES OFF YOU (123)” — single and its press wave,Release + press wave,2025,"Composer, performer and featured artist; the release that generated the international review wave",15,quarantine,690,comunicati.musicalive.net,D,12,broken,"Spam, Scraper, Syndication, SEO-Poisoning & Low-Trust",,https://comunicati.musicalive.net/c/cant-get-my-eyes-off-you-123
freedom-to-control,THE FREEDOM TO CONTROL — Visualcontainer / Pebbles Underground box,Screening programme,2024,Programmed work in the curated video-art box,5,event,32,expcinema.org,A,92,unverified,"Film, Festivals & Exhibitions",The Freedom to Control Selected filmmaker and film,https://expcinema.org/site/en/events/freedom-control
freedom-to-control,THE FREEDOM TO CONTROL — Visualcontainer / Pebbles Underground box,Screening programme,2024,Programmed work in the curated video-art box,5,reference,4,visualcontainer.tv,A,99,verified,Press & Editorial,VisualcontainerTV – Winter 2024 Award Winners Press Release (PDF),https://www.visualcontainer.tv/wp-content/uploads/2025/01/Winter-2024-Award-Winners_Press-Release.pdf
freedom-to-control,THE FREEDOM TO CONTROL — Visualcontainer / Pebbles Underground box,Screening programme,2024,Programmed work in the curated video-art box,5,reference,37,pebblesunderground.art,A,92,unverified,"Film, Festivals & Exhibitions",THE FREEDOM TO CONTROL – Pebbles Underground at Visualcontainer [.BOX] Screening selection and creator credits Subject: Phantom Requiem,https://pebblesunderground.art/pebblesundergroundvisualcontainerbox
freedom-to-control,THE FREEDOM TO CONTROL — Visualcontainer / Pebbles Underground box,Screening programme,2024,Programmed work in the curated video-art box,5,reference,39,visualcontainer.tv,A,92,unverified,"Film, Festivals & Exhibitions",PEBBLES UNDERGROUND SUMMER 2024 AWARD WINNERS + WINTER 2024 AWARD WINNERS Jury Special Mention and creator listing,https://www.visualcontainer.tv/pebbles-underground-summer-2024-award-winners-winter-2024-award-winners
freedom-to-control,THE FREEDOM TO CONTROL — Visualcontainer / Pebbles Underground box,Screening programme,2024,Programmed work in the curated video-art box,5,reference,88,visualcontainer.tv,B,88,verified,"Film, Festivals & Exhibitions",'winter 2024 award winning works on air february 1-15' collage poster (VisualcontainerTV x Pebbles Underground). Target's card not individually legible -> supporting visual only.,https://www.visualcontainer.tv/wp-content/uploads/2025/01/Winter2024AW_Poster.landscape-1024x576.png
bipolar-poetry,BIPOLAR POETRY — poem and magazine record,Literary magazine,2023,Published poem; the magazine lists the work,4,canonical,12,bipolarpoetry.com,A,95,verified,Press & Editorial,,https://bipolarpoetry.com/the-bell-of-the-hollow-luxuries
bipolar-poetry,BIPOLAR POETRY — poem and magazine record,Literary magazine,2023,Published poem; the magazine lists the work,4,canonical,33,bipolarpoetry.com,A,92,unverified,Press & Editorial,“Zazie Kanwar-Torge”,https://bipolarpoetry.com
bipolar-poetry,BIPOLAR POETRY — poem and magazine record,Literary magazine,2023,Published poem; the magazine lists the work,4,reference,54,pw.org,A,91,unverified,Profiles & Catalogs,“Zazie Kanwar-Torge”,https://www.pw.org/literary_magazines/bipolar_poetry
bipolar-poetry,BIPOLAR POETRY — poem and magazine record,Literary magazine,2023,Published poem; the magazine lists the work,4,reference,375,duotrope.com,C,75,unverified,Profiles & Catalogs,,https://duotrope.com/magazine/bipolar-poetry-39640
comp-lsd100,LSD100,Compilation appearance,,Stokes Diapir,4,canonical,437,loudsilencedigital.bandcamp.com,C,70,unverified,Music Compilations,,https://loudsilencedigital.bandcamp.com/album/lsd100
comp-lsd100,LSD100,Compilation appearance,,Stokes Diapir,4,canonical,472,loudsilencedigital.bandcamp.com,C,69,unverified,Music Compilations,T1BVT98ilQAkflCmmo6Btd_jHLH11ULjUqVLOl9uc4y3KSsY3oCXY_aem_ue-lklpTegFf53H6srfiJ,https://loudsilencedigital.bandcamp.com/album/lsd100fbclid=IwZXh0bgNhZW0CMTEAAR3PU1
comp-lsd100,LSD100,Compilation appearance,,Stokes Diapir,4,canonical,498,loudsilencedigital.bandcamp.com,C,68,unverified,Music Compilations,,https://loudsilencedigital.bandcamp.com/album/lsd100?fbclid=IwZXh0bgNhZW0CMTEAAR3PU1T1BVT98ilQAkflCmmo6Btd_jHLH11ULjUqVLOl9uc4y3KSsY3oCXY_aem_ue-lklpTegFf53H6srfiJQ
comp-lsd100,LSD100,Compilation appearance,,Stokes Diapir,4,catalogue,321,discogs.com,C,75,unverified,Music Compilations,Various LSD100,https://www.discogs.com/release/32869101-Various-LSD100
superpresent-v4n3,SUPERPRESENT — Vol. 4 No. 3 “Suture Disruption”,Literary magazine,2024,Published work (percussive) in the issue,3,canonical,16,superpresent.org,A,94,unverified,Press & Editorial,Superpresent Vol. 4 No. 3 — Suture Disruption (Percussive) — Contributor / featured sound-art entry p.66,https://superpresent.org/wp-content/uploads/2024/06/V4N3-pdf.pdf
superpresent-v4n3,SUPERPRESENT — Vol. 4 No. 3 “Suture Disruption”,Literary magazine,2024,Published work (percussive) in the issue,3,canonical,27,superpresent.org,A,93,unverified,Press & Editorial,,https://superpresent.org/current-issue
superpresent-v4n3,SUPERPRESENT — Vol. 4 No. 3 “Suture Disruption”,Literary magazine,2024,Published work (percussive) in the issue,3,event,40,peopleversus.tv,A,92,unverified,Press & Editorial,Superpresent Magazine.pdf,https://www.peopleversus.tv/fringe-flicks
films-for-freedom,FILMS FOR FREEDOM — Film-Makers’ Cooperative / Canyon Cinema programme,Screening programme,2025,Selected filmmaker; PHANTOM REQUIEM toured in the programme,3,media,68,vimeo.com,A,90,unverified,"Film, Festivals & Exhibitions",FILMS FOR FREEDOM Participating filmmaker in hosted collaborative film Subject: Films for Freedom,https://vimeo.com/1139013273
films-for-freedom,FILMS FOR FREEDOM — Film-Makers’ Cooperative / Canyon Cinema programme,Screening programme,2025,Selected filmmaker; PHANTOM REQUIEM toured in the programme,3,event,26,film-makerscoop.com,A,93,unverified,"Film, Festivals & Exhibitions","Films for Freedom, Presented by The Film-Makers' Cooperative and Canyon Cinema Featured filmmaker in 100+ artist collaborative film",https://film-makerscoop.com/screenings/films-for-freedom-presented-by-the-film-makers-cooperative-a
films-for-freedom,FILMS FOR FREEDOM — Film-Makers’ Cooperative / Canyon Cinema programme,Screening programme,2025,Selected filmmaker; PHANTOM REQUIEM toured in the programme,3,event,31,connects.canyoncinema.com,B,92,verified,"Film, Festivals & Exhibitions",Films for Freedom – Canyon Cinema Connects,https://connects.canyoncinema.com/projects/films-for-freedom
comp-warm-music-for-cold-weather-for-the-muscular-dystrophy-assoc,Warm Music For Cold Weather: For the Muscular Dystrophy Association,Compilation appearance,,Oh! Alas! Christmas!,3,catalogue,318,discogs.com,C,75,unverified,Music Compilations,Various Warm Music For Cold Weather For the Muscular Dystrophy Association,https://www.discogs.com/release/29280184-Various-Warm-Music-For-Cold-Weather-For-the-Muscular-Dystrophy-Association
comp-warm-music-for-cold-weather-for-the-muscular-dystrophy-assoc,Warm Music For Cold Weather: For the Muscular Dystrophy Association,Compilation appearance,,Oh! Alas! Christmas!,3,catalogue,403,rateyourmusic.com,C,72,unverified,Music Compilations,,https://rateyourmusic.com/release/comp/various-artists/warm-music-for-cold-weather-for-the-muscular-dystrophy-association
comp-warm-music-for-cold-weather-for-the-muscular-dystrophy-assoc,Warm Music For Cold Weather: For the Muscular Dystrophy Association,Compilation appearance,,Oh! Alas! Christmas!,3,reference,50,newmediartspace.info,A,91,unverified,"Film, Festivals & Exhibitions",Warm Music For Cold Weather: For The Muscular Dystrophy Association,https://newmediartspace.info/exhibitions/2024_ripples
fearful-symmetries,FEARFUL SYMMETRIES — An Anthology of Psychedelic Horror,Anthology,2025,Contributing author,3,canonical,59,dionysianpubliclibrary.com,B,90,verified,Publications & Recognition,SEASON III - Fearful Symmetries | Dionysian Public Library,https://www.dionysianpubliclibrary.com/print-season-iii
fearful-symmetries,FEARFUL SYMMETRIES — An Anthology of Psychedelic Horror,Anthology,2025,Contributing author,3,canonical,230,ogre.red,C,78,unverified,Publications & Recognition,,https://ogre.red/press/anthologies/2025-anthology
fearful-symmetries,FEARFUL SYMMETRIES — An Anthology of Psychedelic Horror,Anthology,2025,Contributing author,3,distribution,140,amazon.com,C,83,verified,Publications & Recognition,Fearful Symmetries: An Anthology of Psychedelic Horror | Amazon,https://www.amazon.com/Fearful-Symmetries-Anthology-Psychedelic-Anthologies/dp/B0GFXWQ5YB
coin-operated-press,COIN OPERATED PRESS — zine “For the Sad Kids”,Zine,2026,Published zine contributor; shop credit,3,canonical,122,coinoperatedpress.bigcartel.com,A,84,unverified,Profiles & Catalogs,“Zazie Productions”,https://coinoperatedpress.bigcartel.com
coin-operated-press,COIN OPERATED PRESS — zine “For the Sad Kids”,Zine,2026,Published zine contributor; shop credit,3,reference,404,coinoperatedpress.wordpress.com,C,72,unverified,Profiles & Catalogs,,https://coinoperatedpress.wordpress.com/2025/09/08/call-for-submissions-for-the-sad-kids-zine
coin-operated-press,COIN OPERATED PRESS — zine “For the Sad Kids”,Zine,2026,Published zine contributor; shop credit,3,reference,405,coinoperatedpress.wordpress.com,C,72,unverified,Profiles & Catalogs,,https://coinoperatedpress.wordpress.com/2026/03/11/for-the-sad-kids-zine-out-now
itch-digital-goods,ITCH.IO — published digital goods,Software / SFX pack,2025,Creator of the published SFX packs and collections,3,canonical,217,zazieproductions.itch.io,B,79,verified,Official Properties & Channels,UNHOLY ANATOMY - 200+ Body Horror SFX by Zazie Productions,https://zazieproductions.itch.io/unholyanatomy
itch-digital-goods,ITCH.IO — published digital goods,Software / SFX pack,2025,Creator of the published SFX packs and collections,3,canonical,392,zazieproductions.itch.io,B,72,unverified,Profiles & Catalogs,"Zazie Productions Creator bio, games, tools and digital products Subject: Interactive media",https://zazieproductions.itch.io
itch-digital-goods,ITCH.IO — published digital goods,Software / SFX pack,2025,Creator of the published SFX packs and collections,3,archive,255,web.archive.org,C,77,unverified,Press & Editorial,,http://web.archive.org/web/20250815023918/https://zazieproductions.itch.io
comp-1-year-anniversary,1 Year Anniversary,Compilation appearance,,Dome Collapse,3,catalogue,344,discogs.com,C,75,unverified,Music Compilations,Various 1 Year Anniversary,https://www.discogs.com/release/35696575-Various-1-Year-Anniversary
comp-1-year-anniversary,1 Year Anniversary,Compilation appearance,,Dome Collapse,3,catalogue,383,beatport.com,B,74,verified,Streaming & Music Platforms,1 YEAR ANNIVERSARY [The Elements Of Tech & Bass Recordings] - Beatport release ETB085,https://www.beatport.com/pt/release/1-year-anniversary/5558734
comp-1-year-anniversary,1 Year Anniversary,Compilation appearance,,Dome Collapse,3,reference,581,ok.ru,C,59,unverified,Streaming & Music Platforms,,https://ok.ru/music/album/123001281196995
comp-frida-kahlo,Frida Kahlo,Compilation appearance,,track “Frida and the Broken Column”,3,canonical,300,plataformarecs.bandcamp.com,C,75,verified,Music Compilations,V..A - Frida Kahlo | Plataforma Recs,https://plataformarecs.bandcamp.com/album/v-a-frida-kahlo
comp-frida-kahlo,Frida Kahlo,Compilation appearance,,track “Frida and the Broken Column”,3,canonical,503,plataformarecs.bandcamp.com,C,68,unverified,Music Compilations,,https://plataformarecs.bandcamp.com
comp-frida-kahlo,Frida Kahlo,Compilation appearance,,track “Frida and the Broken Column”,3,catalogue,351,discogs.com,C,75,unverified,Music Compilations,Various Frida Kahlo,https://www.discogs.com/release/36350866-Various-Frida-Kahlo
comp-its-only-hnw-but-i-like-it-ix,It’s Only HNW (But I Like It) IX,Compilation appearance,,Obelisk Of Static Collapse,3,canonical,303,thehillsaredead.bandcamp.com,C,75,verified,Music Compilations,IT'S ONLY HNW (BUT I LIKE IT) IX | The Hills Are Dead,https://thehillsaredead.bandcamp.com/album/its-only-hnw-but-i-like-it-ix
comp-its-only-hnw-but-i-like-it-ix,It’s Only HNW (But I Like It) IX,Compilation appearance,,Obelisk Of Static Collapse,3,canonical,509,thehillsaredead.bandcamp.com,C,68,unverified,Music Compilations,,https://thehillsaredead.bandcamp.com
comp-its-only-hnw-but-i-like-it-ix,It’s Only HNW (But I Like It) IX,Compilation appearance,,Obelisk Of Static Collapse,3,catalogue,363,discogs.com,C,75,unverified,Music Compilations,Various Its Only HNW But I Like It IX,https://www.discogs.com/release/37511712-Various-Its-Only-HNW-But-I-Like-It-IX
comp-noise-around-the-world-14,Noise Around The World 14,Compilation appearance,,track “Pyrogenesis”,3,canonical,378,plataformarecs.bandcamp.com,C,74,verified,Music Compilations,V.A - Noise Around the World.14 | Plataforma Recs,https://plataformarecs.bandcamp.com/album/v-a-noise-around-the-world-14
comp-noise-around-the-world-14,Noise Around The World 14,Compilation appearance,,track “Pyrogenesis”,3,canonical,503,plataformarecs.bandcamp.com,C,68,unverified,Music Compilations,,https://plataformarecs.bandcamp.com
comp-noise-around-the-world-14,Noise Around The World 14,Compilation appearance,,track “Pyrogenesis”,3,catalogue,354,discogs.com,C,75,unverified,Music Compilations,Various Noise Around The World 14,https://www.discogs.com/release/36641662-Various-Noise-Around-The-World-14
comp-synthetic-dystopia,Synthetic Dystopia,Compilation appearance,,Post-Carbon Signal Rot - Comunion V.2.3,3,canonical,424,thechurchofnoisygoat.bandcamp.com,C,70,unverified,Music Compilations,eHRuA2FlbQIxMQABHpL0WjXcy2ukM3NEIOxikggYulJUFbnHv76JsrXzy9szuGlt8PVf7KoFQwT,https://thechurchofnoisygoat.bandcamp.com/album/synthetic-dystopia?fbclid=IwQ0xDSwKgb3tleHRuA2FlbQIxMQABHpL0WjXcy2ukM3NEIOxikggYulJUFbnHv76JsrXzy9szuGlt8PVf7KoFQwTK_aem_pM4TRpPuSUjfWUHgyfUA4Q
comp-synthetic-dystopia,Synthetic Dystopia,Compilation appearance,,Post-Carbon Signal Rot - Comunion V.2.3,3,canonical,443,thechurchofnoisygoat.bandcamp.com,C,70,unverified,Music Compilations,,https://thechurchofnoisygoat.bandcamp.com/album/synthetic-dystopia
comp-synthetic-dystopia,Synthetic Dystopia,Compilation appearance,,Post-Carbon Signal Rot - Comunion V.2.3,3,catalogue,330,discogs.com,C,75,unverified,Music Compilations,Various Synthetic Dystopia,https://www.discogs.com/release/34073494-Various-Synthetic-Dystopia
well-meaning-neurotypicals,“WELL MEANING NEUROTYPICALS” — track across platforms,Release (own),2024,"Composer, performer and lyricist",3,catalogue,288,lyrics.com,C,75,verified,Lyrics & Music Databases,Zazie Productions - Well Meaning Neurotypicals Lyrics | Lyrics.com,https://www.lyrics.com/lyric-lf/16514291/Zazie+Productions/Well+Meaning+Neurotypicals
well-meaning-neurotypicals,“WELL MEANING NEUROTYPICALS” — track across platforms,Release (own),2024,"Composer, performer and lyricist",3,media,393,tiktok.com,C,72,verified,Streaming & Music Platforms,ZazieProductions - Well Meaning Neurotypicals | TikTok,https://www.tiktok.com/music/Well-Meaning-Neurotypicals-7116236683321821186
well-meaning-neurotypicals,“WELL MEANING NEUROTYPICALS” — track across platforms,Release (own),2024,"Composer, performer and lyricist",3,media,394,tiktok.com,C,72,verified,Streaming & Music Platforms,ZazieProductions - Well Meaning Neurotypicals - Low Sensory Instrumental | TikTok,https://www.tiktok.com/music/Well-Meaning-Neurotypicals-Low-Sensory-Instrumental-7116236683586062338
amnesia-split,AMNESIA (59) × ZAZIE PRODUCTIONS / OLIVER SCHÖFFLER — split release,Release (collaboration),2024,Co-author of the split release; track “Gloom”,2,canonical,289,arrhythniarecords.bandcamp.com,C,75,verified,Music Compilations,Amnesia (59) X Zazie Productions / Oliver Schöffler — aNr124 (split),https://arrhythniarecords.bandcamp.com/album/amnesia-x-zazie-productions-oliver-sch-ffler-split-anr124
amnesia-split,AMNESIA (59) × ZAZIE PRODUCTIONS / OLIVER SCHÖFFLER — split release,Release (collaboration),2024,Co-author of the split release; track “Gloom”,2,catalogue,93,discogs.com,B,88,verified,Profiles & Catalogs,"Amnesia X Zazie Productions, Oliver Schöffler (arrhythNia Records 2024)",https://www.discogs.com/release/36415555-Amnesia-X-Zazie-Productions-Oliver-Schöffler
to-halt-space-adrift,TO HALT SPACE ADRIFT,Release (own),2025,Composer and performer,2,credit,277,zazieproductions.bandcamp.com,B,76,unverified,Official Properties & Channels,To Halt Space Adrift,https://zazieproductions.bandcamp.com/album/to-halt-space-adrift
to-halt-space-adrift,TO HALT SPACE ADRIFT,Release (own),2025,Composer and performer,2,quarantine,694,r.darrennathanael.com,D,11,broken,"Spam, Scraper, Syndication, SEO-Poisoning & Low-Trust",space_adrift_2023/,https://r.darrennathanael.com/r/Album_Cover_Art/comments/1i5wjf8/zazie_productions_to_halt_space_adrift_2023
comp-1985,1985,Compilation appearance,,Occupational Hazards,2,canonical,491,errantstaticnoise.bandcamp.com,C,68,unverified,Music Compilations,,https://errantstaticnoise.bandcamp.com
comp-1985,1985,Compilation appearance,,Occupational Hazards,2,catalogue,338,discogs.com,C,75,unverified,Music Compilations,Various 1985,https://www.discogs.com/release/34981730-Various-1985
comp-7-7,7.7,Compilation appearance,,Pivot and Deflect,2,canonical,496,lessthanone.bandcamp.com,C,68,unverified,Music Compilations,,https://lessthanone.bandcamp.com
comp-7-7,7.7,Compilation appearance,,Pivot and Deflect,2,catalogue,325,discogs.com,C,75,unverified,Music Compilations,Divergent Artists 77,https://www.discogs.com/release/33707496-Divergent-Artists-77
comp-aspirin-age-vol-5-a-shoegaze-compilation,Aspirin Age Vol. 5 (A Shoegaze Compilation),Compilation appearance,,Weaponized Apathy,2,canonical,486,brokensoundtapes.bandcamp.com,C,68,unverified,Music Compilations,,https://brokensoundtapes.bandcamp.com/album/aspirin-age-volume-five-a-shoegaze-compilation
comp-aspirin-age-vol-5-a-shoegaze-compilation,Aspirin Age Vol. 5 (A Shoegaze Compilation),Compilation appearance,,Weaponized Apathy,2,catalogue,343,discogs.com,C,75,unverified,Music Compilations,Various Aspirin Age Vol 5 A Shoegaze Compilation,https://www.discogs.com/release/35667886-Various-Aspirin-Age-Vol-5-A-Shoegaze-Compilation
comp-beyond-the-body,Beyond The Body,Compilation appearance,,Vox Hemorrhagia,2,canonical,513,witch-house.bandcamp.com,C,68,unverified,Music Compilations,,https://witch-house.bandcamp.com/album/beyond-the-body
comp-beyond-the-body,Beyond The Body,Compilation appearance,,Vox Hemorrhagia,2,catalogue,331,discogs.com,C,75,unverified,Music Compilations,Various Beyond The Body,https://www.discogs.com/release/34128706-Various-Beyond-The-Body
comp-christmasasaurus-unleashed,Christmasasaurus Unleashed!,Compilation appearance,,The Reindeers Are Running,2,canonical,432,christmasasaurus.bandcamp.com,C,70,unverified,Music Compilations,,https://christmasasaurus.bandcamp.com
comp-christmasasaurus-unleashed,Christmasasaurus Unleashed!,Compilation appearance,,The Reindeers Are Running,2,catalogue,323,discogs.com,C,75,unverified,Music Compilations,Various Christmasasaurus Unleashed,https://www.discogs.com/release/33603147-Various-Christmasasaurus-Unleashed
comp-echoes-of-ancient-wrath,Echoes Of Ancient Wrath,Compilation appearance,,Anti-Sanity Phase,2,canonical,488,dodendans.bandcamp.com,C,68,unverified,Music Compilations,,https://dodendans.bandcamp.com/album/dd049-v-a-echoesofancientwrath
comp-echoes-of-ancient-wrath,Echoes Of Ancient Wrath,Compilation appearance,,Anti-Sanity Phase,2,catalogue,366,discogs.com,C,75,unverified,Music Compilations,Various Echoes Of Ancient Wrath,https://www.discogs.com/release/37767543-Various-Echoes-Of-Ancient-Wrath
comp-ecstatic-feedback-ii-a-terminal-future-industries-compilatio,Ecstatic Feedback II: A Terminal Future Industries Compilation,Compilation appearance,,track “Egregore Intrasound”,2,canonical,302,terminalfutureindustries.bandcamp.com,C,75,verified,Music Compilations,Ecstatic Feedback II: A Terminal Future Industries Compilation [PART 1],https://terminalfutureindustries.bandcamp.com/album/ecstatic-feedback-ii-a-terminal-future-industries-compilation-part-1
comp-ecstatic-feedback-ii-a-terminal-future-industries-compilatio,Ecstatic Feedback II: A Terminal Future Industries Compilation,Compilation appearance,,track “Egregore Intrasound”,2,catalogue,367,discogs.com,C,75,unverified,Music Compilations,Various Ecstatic Feedback II A Terminal Future Industries Compilation,https://www.discogs.com/release/37824543-Various-Ecstatic-Feedback-II-A-Terminal-Future-Industries-Compilation
comp-esoterrexus-a-slithering-black-compilation,Esoterrexus - A Slithering Black Compilation,Compilation appearance,,R’lyeh’s Xenolith,2,canonical,442,slitheringblackrecords.bandcamp.com,C,70,unverified,Music Compilations,,https://slitheringblackrecords.bandcamp.com
comp-esoterrexus-a-slithering-black-compilation,Esoterrexus - A Slithering Black Compilation,Compilation appearance,,R’lyeh’s Xenolith,2,catalogue,316,discogs.com,C,75,unverified,Music Compilations,Various Esoterrexus A Slithering Black Compilation,https://www.discogs.com/release/28653841-Various-Esoterrexus-A-Slithering-Black-Compilation
comp-exquisite-tones-for-oozing-ears-vol-ii,Exquisite Tones For Oozing Ears - Vol. II,Compilation appearance,,Pyrogenesis,2,canonical,506,shackinthebarleyproductions.bandcamp.com,C,68,unverified,Music Compilations,,https://shackinthebarleyproductions.bandcamp.com
comp-exquisite-tones-for-oozing-ears-vol-ii,Exquisite Tones For Oozing Ears - Vol. II,Compilation appearance,,Pyrogenesis,2,catalogue,327,discogs.com,C,75,unverified,Music Compilations,Various Exquisite Tones For Oozing Ears Vol II,https://www.discogs.com/release/33883035-Various-Exquisite-Tones-For-Oozing-Ears-Vol-II
comp-field-recording-vol-3,Field Recording Vol. 3,Compilation appearance,,track “R09 Recording Water Pond Collage”,2,canonical,295,gelombangaudiozine.bandcamp.com,C,75,verified,Music Compilations,Issue 51: Field Recording Vol. 3 | Gelombang Audiozine,https://gelombangaudiozine.bandcamp.com/album/issue-51-field-recording-vol-3
comp-field-recording-vol-3,Field Recording Vol. 3,Compilation appearance,,track “R09 Recording Water Pond Collage”,2,catalogue,361,discogs.com,C,75,unverified,Music Compilations,Various Field Recording Vol 3,https://www.discogs.com/release/37181856-Various-Field-Recording-Vol-3
comp-field-recording-vol-4,Field Recording Vol. 4,Compilation appearance,,track “Pond at Night Cicadas / Wildlife Binaural”,2,canonical,296,gelombangaudiozine.bandcamp.com,C,75,verified,Music Compilations,Issue 52: Field Recording Vol. 4 | Gelombang Audiozine,https://gelombangaudiozine.bandcamp.com/album/issue-52-field-recording-vol-4
comp-field-recording-vol-4,Field Recording Vol. 4,Compilation appearance,,track “Pond at Night Cicadas / Wildlife Binaural”,2,catalogue,365,discogs.com,C,75,unverified,Music Compilations,Various Field Recording Vol 4,https://www.discogs.com/release/37644762-Various-Field-Recording-Vol-4
comp-fourteenth-quarterly-report-of-argali-records-netlabel-the-g,Fourteenth Quarterly Report Of Argali Records Netlabel: The Great Reconnection,Compilation appearance,,Pivot And Deflect,2,canonical,450,argalirecordsnetlabel.bandcamp.com,C,69,unverified,Music Compilations,Fourteenth Quarterly Report of Argali Records Netlabel,https://argalirecordsnetlabel.bandcamp.com/album/fourteenth-quarterly-report-of-argali-records-netlabel-the-great-reconnection
comp-fourteenth-quarterly-report-of-argali-records-netlabel-the-g,Fourteenth Quarterly Report Of Argali Records Netlabel: The Great Reconnection,Compilation appearance,,Pivot And Deflect,2,catalogue,333,discogs.com,C,75,unverified,Music Compilations,Various Fourteenth Quarterly Report Of Argali Records Netlabel The Great Reconnection,https://www.discogs.com/release/34207969-Various-Fourteenth-Quarterly-Report-Of-Argali-Records-Netlabel-The-Great-Reconnection
comp-frequencias-cadavericas-volume-i-compilacao,Frequências Cadavéricas - Volume I (Compilação),Compilation appearance,,Negative Organ Function,2,canonical,290,brutalizerecs.bandcamp.com,C,75,verified,Music Compilations,Frequências Cadavéricas - Volume I (Compilação) | Brutalize Netlabel,https://brutalizerecs.bandcamp.com/album/frequ-ncias-cadav-ricas-volume-i-compila-o
comp-frequencias-cadavericas-volume-i-compilacao,Frequências Cadavéricas - Volume I (Compilação),Compilation appearance,,Negative Organ Function,2,catalogue,360,discogs.com,C,75,unverified,Music Compilations,Various Frequências Cadavéricas Volume I Compilação,https://www.discogs.com/release/36973218-Various-Frequ%C3%AAncias-Cadav%C3%A9ricas-Volume-I-Compila%C3%A7%C3%A3o
comp-h-p-lovecrafts-whisperer-in-darkness,H.P. Lovecraft’s ~Whisperer In Darkness~,Compilation appearance,,Akeley’s Phonograph,2,canonical,493,gohrecordings.bandcamp.com,C,68,unverified,Music Compilations,,https://gohrecordings.bandcamp.com/album/h-p-lovecraft-s-whisperer-in-darkness
comp-h-p-lovecrafts-whisperer-in-darkness,H.P. Lovecraft’s ~Whisperer In Darkness~,Compilation appearance,,Akeley’s Phonograph,2,catalogue,369,discogs.com,C,75,unverified,Music Compilations,Various HP Lovecrafts Whisperer In Darkness,https://www.discogs.com/release/38101452-Various-HP-Lovecrafts-Whisperer-In-Darkness
comp-harsh-noise-corpus-vol-4-international-harsh-noise-compilati,Harsh Noise Corpus Vol. 4 (International Harsh Noise Compilation),Compilation appearance,,track credit (grouped master),2,canonical,510,thehillsaredead.bandcamp.com,C,68,unverified,Music Compilations,,https://thehillsaredead.bandcamp.com/album/harsh-noise-corpus-vol-4
comp-harsh-noise-corpus-vol-4-international-harsh-noise-compilati,Harsh Noise Corpus Vol. 4 (International Harsh Noise Compilation),Compilation appearance,,track credit (grouped master),2,catalogue,313,discogs.com,C,75,unverified,Music Compilations,Various Harsh Noise Corpus Vol4 International Harsh Noise Compilation,https://www.discogs.com/master/4006543-Various-Harsh-Noise-Corpus-Vol4-International-Harsh-Noise-Compilation
comp-harsh-noise-corpus-vol-5,Harsh Noise Corpus Vol. 5,Compilation appearance,,track “Murmur Ring”,2,canonical,511,thehillsaredead.bandcamp.com,C,68,unverified,Music Compilations,,https://thehillsaredead.bandcamp.com/album/harsh-noise-corpus-vol-5
comp-harsh-noise-corpus-vol-5,Harsh Noise Corpus Vol. 5,Compilation appearance,,track “Murmur Ring”,2,catalogue,349,discogs.com,C,75,unverified,Music Compilations,Various Harsh Noise Corpus Vol5,https://www.discogs.com/release/36147124-Various-Harsh-Noise-Corpus-Vol5
comp-harsh-noise-wall-means-fight-back-smash-gay-oppression,Harsh Noise Wall Means Fight Back: Smash Gay Oppression,Compilation appearance,,Cisgender Replacement Therapy (CRT),2,canonical,489,ennaytch.bandcamp.com,C,68,unverified,Music Compilations,,https://ennaytch.bandcamp.com/album/harsh-noise-wall-means-fight-back-smash-gay-oppression
comp-harsh-noise-wall-means-fight-back-smash-gay-oppression,Harsh Noise Wall Means Fight Back: Smash Gay Oppression,Compilation appearance,,Cisgender Replacement Therapy (CRT),2,catalogue,315,discogs.com,C,75,unverified,Music Compilations,Various Harsh Noise Wall Means Fight Back Smash Gay Oppression,https://www.discogs.com/release/27529131-Various-Harsh-Noise-Wall-Means-Fight-Back-Smash-Gay-Oppression
comp-icelock-continuum,Icelock Continuum,Compilation appearance,,Frost Directive XIII (Broadcast Leak ID: BLZRD-741),2,canonical,452,camembertelectrique.bandcamp.com,C,69,unverified,Music Compilations,ICELOCK CONTINUUM,https://camembertelectrique.bandcamp.com/album/icelock-continuum
comp-icelock-continuum,Icelock Continuum,Compilation appearance,,Frost Directive XIII (Broadcast Leak ID: BLZRD-741),2,catalogue,348,discogs.com,C,75,unverified,Music Compilations,Various Icelock Continuum,https://www.discogs.com/release/36016036-Various-Icelock-Continuum
comp-kosmische-lhem-volume-001,Kosmische Lᴴëm - Volume #001,Compilation appearance,,Pivot and Deflect,2,catalogue,337,discogs.com,C,75,unverified,Music Compilations,Various Kosmische Lᴧëm Volume 001,https://www.discogs.com/release/34852574-Various-Kosmische-L%E1%B4%A7%C3%ABm-Volume-001
comp-kosmische-lhem-volume-001,Kosmische Lᴴëm - Volume #001,Compilation appearance,,Pivot and Deflect,2,distribution,415,soundcloud.com,C,71,unverified,Music Compilations,c=1&si=25e29b7bdac24771b474c1bdce000afb&utm_source=clipboard&utm_medium=text&utm,https://soundcloud.com/spirit-of-possibility/sets/kosmische-l-m-volume-001?ref=clipboard&p=a&c=1&si=25e29b7bdac24771b474c1bdce000afb&utm_source=clipboard&utm_medium=text&utm_campaign=social_sharing
comp-late-night-love-letters,Late Night Love Letters,Compilation appearance,,I Love Everything About You,2,canonical,444,utopiadistrict.bandcamp.com,C,70,unverified,Music Compilations,,https://utopiadistrict.bandcamp.com/album/late-night-love-letters
comp-late-night-love-letters,Late Night Love Letters,Compilation appearance,,I Love Everything About You,2,catalogue,362,discogs.com,C,75,unverified,Music Compilations,Various Late Night Love Letters,https://www.discogs.com/release/37333392-Various-Late-Night-Love-Letters
comp-lsd666,LSD666,Compilation appearance,,Pivot And Deflect,2,canonical,497,loudsilencedigital.bandcamp.com,C,68,unverified,Music Compilations,,https://loudsilencedigital.bandcamp.com
comp-lsd666,LSD666,Compilation appearance,,Pivot And Deflect,2,catalogue,332,discogs.com,C,75,unverified,Music Compilations,Various LSD666,https://www.discogs.com/release/34195165-Various-LSD666
comp-make-a-change-a-compilation-of-skankin-pickle-covers,Make a Change: A Compilation of Skankin’ Pickle Covers,Compilation appearance,,Not Too Late,2,canonical,505,rocketpunchrecords.bandcamp.com,C,68,unverified,Music Compilations,,https://rocketpunchrecords.bandcamp.com/album/make-a-change-a-compilation-of-skankin-pickle-covers
comp-make-a-change-a-compilation-of-skankin-pickle-covers,Make a Change: A Compilation of Skankin’ Pickle Covers,Compilation appearance,,Not Too Late,2,catalogue,335,discogs.com,C,75,unverified,Music Compilations,Various Make a Change A Compilation of Skankin Pickle Covers,https://www.discogs.com/release/34708917-Various-Make-a-Change-A-Compilation-of-Skankin-Pickle-Covers
comp-noisembryowl-5,Noisembryowl 5,Compilation appearance,,Weaponized Apathy,2,canonical,501,owlripperrecordings.bandcamp.com,C,68,unverified,Music Compilations,,https://owlripperrecordings.bandcamp.com
comp-noisembryowl-5,Noisembryowl 5,Compilation appearance,,Weaponized Apathy,2,catalogue,346,discogs.com,C,75,unverified,Music Compilations,Various Noisembryowl 5,https://www.discogs.com/release/35850694-Various-Noisembryowl-5
comp-nyotgrinder-noise-compilation-vol-2,NYOTGRINDER NOISE COMPILATION vol.2,Compilation appearance,,xJazz-Grind Obstruction (US),2,canonical,500,nyotgrinder.bandcamp.com,C,68,unverified,Music Compilations,,https://nyotgrinder.bandcamp.com/album/nyotgrinder-noise-compilation-vol-2
comp-nyotgrinder-noise-compilation-vol-2,NYOTGRINDER NOISE COMPILATION vol.2,Compilation appearance,,xJazz-Grind Obstruction (US),2,catalogue,336,discogs.com,C,75,unverified,Music Compilations,Various NYOTGRINDER NOISE COMPILATION vol2,https://www.discogs.com/release/34846487-Various-NYOTGRINDER-NOISE-COMPILATION-vol2
comp-one-string,One String,Compilation appearance,,Wire Psalm,2,canonical,490,ensembleforsoundpoetryandcontemporarymusic.bandcamp.com,C,68,unverified,Music Compilations,,https://ensembleforsoundpoetryandcontemporarymusic.bandcamp.com
comp-one-string,One String,Compilation appearance,,Wire Psalm,2,catalogue,342,discogs.com,C,75,unverified,Music Compilations,EFSPACM One String,https://www.discogs.com/release/35645056-EFSPACM-One-String
comp-one-world,One World,Compilation appearance,,Moving in Perpetual Slumber,2,canonical,502,petroglyphmusic.bandcamp.com,C,68,unverified,Music Compilations,,https://petroglyphmusic.bandcamp.com
comp-one-world,One World,Compilation appearance,,Moving in Perpetual Slumber,2,catalogue,345,discogs.com,C,75,unverified,Music Compilations,Various One World,https://www.discogs.com/release/35745076-Various-One-World
comp-plosives-an-introduction-to-ghost-nun,Plosives: An Introduction To Ghost Nun,Compilation appearance,,Easy Concessions,2,canonical,492,ghostnunmusic.bandcamp.com,C,68,unverified,Music Compilations,,https://ghostnunmusic.bandcamp.com
comp-plosives-an-introduction-to-ghost-nun,Plosives: An Introduction To Ghost Nun,Compilation appearance,,Easy Concessions,2,catalogue,314,discogs.com,C,75,unverified,Music Compilations,Various Plosives An Introduction To Ghost Nun,https://www.discogs.com/release/23533040-Various-Plosives-An-Introduction-To-Ghost-Nun
comp-psych-against-cancer-vol-3-part-2,Psych Against Cancer Vol 3 Part 2,Compilation appearance,,Weaponized Apathy,2,canonical,301,psychlovers.bandcamp.com,C,75,verified,Music Compilations,Psych Against Cancer Vol 3 Part 2 | Psych Lovers,https://psychlovers.bandcamp.com/album/psych-against-cancer-vol-3-part-2
comp-psych-against-cancer-vol-3-part-2,Psych Against Cancer Vol 3 Part 2,Compilation appearance,,Weaponized Apathy,2,catalogue,355,discogs.com,C,75,unverified,Music Compilations,Various Psych Against Cancer Vol 3 Part 2,https://www.discogs.com/release/36690658-Various-Psych-Against-Cancer-Vol-3-Part-2-
comp-sixteenth-quarterly-report-our-just-desserts,Sixteenth Quarterly Report: Our Just Desserts,Compilation appearance,,Vibroscriptorium,2,canonical,485,argalirecordsnetlabel.bandcamp.com,C,68,unverified,Music Compilations,,https://argalirecordsnetlabel.bandcamp.com
comp-sixteenth-quarterly-report-our-just-desserts,Sixteenth Quarterly Report: Our Just Desserts,Compilation appearance,,Vibroscriptorium,2,catalogue,347,discogs.com,C,75,unverified,Music Compilations,Various Sixteenth Quarterly Report Our Just Desserts,https://www.discogs.com/release/35943793-Various-Sixteenth-Quarterly-Report-Our-Just-Desserts
comp-solidarity-a-benefit-compilation-for-the-aclu,Solidarity: A Benefit Compilation for the ACLU,Compilation appearance,,Pivot and Deflect,2,canonical,445,voidstarproductions.bandcamp.com,C,70,unverified,Music Compilations,,https://voidstarproductions.bandcamp.com/album/solidarity-phase-ii-a-benefit-compilation-for-the-aclu
comp-solidarity-a-benefit-compilation-for-the-aclu,Solidarity: A Benefit Compilation for the ACLU,Compilation appearance,,Pivot and Deflect,2,catalogue,326,discogs.com,C,75,unverified,Music Compilations,Various Solidarity A Benefit Compilation for the ACLU,https://www.discogs.com/release/33736134-Various-Solidarity-A-Benefit-Compilation-for-the-ACLU
comp-stonewall-noisewall-volume-1,Stonewall/Noisewall Volume 1,Compilation appearance,,Stalactite Of Dead Reckoning,2,canonical,512,tshnproductions.bandcamp.com,C,68,unverified,Music Compilations,,https://tshnproductions.bandcamp.com
comp-stonewall-noisewall-volume-1,Stonewall/Noisewall Volume 1,Compilation appearance,,Stalactite Of Dead Reckoning,2,catalogue,339,discogs.com,C,75,unverified,Music Compilations,TSHN Productions StonewallNoisewall Volume 1,https://www.discogs.com/release/35109107-TSHN-Productions-StonewallNoisewall-Volume-1
comp-summoning-1,Summoning 1,Compilation appearance,,track “The Høuse FΩrgøt Its Name / Hex Ritual”,2,canonical,292,dittanyofcrete.bandcamp.com,C,75,verified,Music Compilations,Summoning 1 | Dittany of Crete,https://dittanyofcrete.bandcamp.com/album/summoning-1
comp-summoning-1,Summoning 1,Compilation appearance,,track “The Høuse FΩrgøt Its Name / Hex Ritual”,2,catalogue,353,discogs.com,C,75,unverified,Music Compilations,Various Summoning 1,https://www.discogs.com/release/36430204-Various-Summoning-1
comp-summoning-2,Summoning 2,Compilation appearance,,track “The Spirit's Bone Colored Air”,2,canonical,293,dittanyofcrete.bandcamp.com,C,75,verified,Music Compilations,Summoning 2 | Dittany of Crete,https://dittanyofcrete.bandcamp.com/album/summoning-2
comp-summoning-2,Summoning 2,Compilation appearance,,track “The Spirit's Bone Colored Air”,2,catalogue,359,discogs.com,C,75,unverified,Music Compilations,Various Summoning 2,https://www.discogs.com/release/36959898-Various-Summoning-2
comp-summoning-3,Summoning 3,Compilation appearance,,track “The Silence Began Crawling”,2,canonical,294,dittanyofcrete.bandcamp.com,C,75,verified,Music Compilations,Summoning 3 | Dittany of Crete,https://dittanyofcrete.bandcamp.com/album/summoning-3
comp-summoning-3,Summoning 3,Compilation appearance,,track “The Silence Began Crawling”,2,catalogue,364,discogs.com,C,75,unverified,Music Compilations,Various Summoning 3,https://www.discogs.com/release/37565460-Various-Summoning-3
comp-tavern-synth-vol-ii,Tavern Synth Vol. II,Compilation appearance,,The Hearth Keeps Time,2,canonical,504,relicsoftheeternalcity.bandcamp.com,C,68,unverified,Music Compilations,,https://relicsoftheeternalcity.bandcamp.com
comp-tavern-synth-vol-ii,Tavern Synth Vol. II,Compilation appearance,,The Hearth Keeps Time,2,catalogue,352,discogs.com,C,75,unverified,Music Compilations,Various Tavern Synth Vol II,https://www.discogs.com/release/36381970-Various-Tavern-Synth-Vol-II
comp-thirteenth-quarterly-report-of-argali-records-netlabel-ther-,Thirteenth Quarterly Report Of Argali Records Netlabel: Æther Corruption,Compilation appearance,,Weaponized Apathy,2,canonical,485,argalirecordsnetlabel.bandcamp.com,C,68,unverified,Music Compilations,,https://argalirecordsnetlabel.bandcamp.com
comp-thirteenth-quarterly-report-of-argali-records-netlabel-ther-,Thirteenth Quarterly Report Of Argali Records Netlabel: Æther Corruption,Compilation appearance,,Weaponized Apathy,2,catalogue,324,discogs.com,C,75,unverified,Music Compilations,Various Thirteenth Quarterly Report Of Argali Records Netlabel Æther Corruption,https://www.discogs.com/release/33641268-Various-Thirteenth-Quarterly-Report-Of-Argali-Records-Netlabel-%C3%86ther-Corruption
comp-toxic-t,Toxic T.,Compilation appearance,,Occupational Hazards,2,canonical,503,plataformarecs.bandcamp.com,C,68,unverified,Music Compilations,,https://plataformarecs.bandcamp.com
comp-toxic-t,Toxic T.,Compilation appearance,,Occupational Hazards,2,catalogue,328,discogs.com,C,75,unverified,Music Compilations,Various Toxic T,https://www.discogs.com/release/33889353-Various-Toxic-T
comp-twenty-three-seconds-ov-time-volume-15-thee-awakening,Twenty Three Seconds Ov Time Volume 15: Thee Awakening,Compilation appearance,,Galvanized Insides Can Feel No Joy,2,canonical,484,ain23.bandcamp.com,C,68,unverified,Music Compilations,,https://ain23.bandcamp.com
comp-twenty-three-seconds-ov-time-volume-15-thee-awakening,Twenty Three Seconds Ov Time Volume 15: Thee Awakening,Compilation appearance,,Galvanized Insides Can Feel No Joy,2,catalogue,356,discogs.com,C,75,unverified,Music Compilations,Various Twenty Three Seconds Ov Time Volume 15 Thee Awakening,https://www.discogs.com/release/36703675-Various-Twenty-Three-Seconds-Ov-Time-Volume-15--Thee-Awakening-
comp-two-years,Two Years,Compilation appearance,,track “Checksum Failed Successfully”,2,canonical,499,loudsilencedigital.bandcamp.com,C,68,unverified,Music Compilations,,https://loudsilencedigital.bandcamp.com/album/two-years
comp-two-years,Two Years,Compilation appearance,,track “Checksum Failed Successfully”,2,catalogue,350,discogs.com,C,75,unverified,Music Compilations,Various Two Years,https://www.discogs.com/release/36241024-Various-Two-Years
comp-vampires-a-sounds-for-the-soul-compilation,Vampires (A Sounds For The Soul Compilation),Compilation appearance,,Vlad The Impaler,2,canonical,507,soundsforthesoul.bandcamp.com,C,68,unverified,Music Compilations,,https://soundsforthesoul.bandcamp.com
comp-vampires-a-sounds-for-the-soul-compilation,Vampires (A Sounds For The Soul Compilation),Compilation appearance,,Vlad The Impaler,2,catalogue,340,discogs.com,C,75,unverified,Music Compilations,Various Vampires A Sounds For The Soul Compilation,https://www.discogs.com/release/35511685-Various-Vampires-A-Sounds-For-The-Soul-Compilation
comp-who-is-the-dreamer-a-tribute-to-david-lynch,Who Is The Dreamer? — A Tribute To David Lynch,Compilation appearance,,Small Transitory Life,2,canonical,508,thechurchofnoisygoat.bandcamp.com,C,68,unverified,Music Compilations,,https://thechurchofnoisygoat.bandcamp.com
comp-who-is-the-dreamer-a-tribute-to-david-lynch,Who Is The Dreamer? — A Tribute To David Lynch,Compilation appearance,,Small Transitory Life,2,catalogue,322,discogs.com,C,75,unverified,Music Compilations,Various Who Is The Dreamer A Tribute To David Lynch,https://www.discogs.com/release/33220155-Various-Who-Is-The-Dreamer-A-Tribute-To-David-Lynch
comp-arboreal-telegraph,Arboreal Telegraph,Compilation appearance,,Isochamber Drift,2,canonical,487,camembertelectrique.bandcamp.com,C,68,unverified,Music Compilations,,https://camembertelectrique.bandcamp.com/album/arboreal-telegraph
comp-arboreal-telegraph,Arboreal Telegraph,Compilation appearance,,Isochamber Drift,2,catalogue,382,discogs.com,C,74,unverified,Music Compilations,Various Arboreal Telegraph,https://www.discogs.com/release/38101530-Various-Arboreal-Telegraph
comp-dostoivski,DOSTOIVSKI,Compilation appearance,,No God to witness no crime to prove,2,canonical,503,plataformarecs.bandcamp.com,C,68,unverified,Music Compilations,,https://plataformarecs.bandcamp.com
comp-dostoivski,DOSTOIVSKI,Compilation appearance,,No God to witness no crime to prove,2,quarantine,614,discogs.com,D,38,unverified,"Spam, Scraper, Syndication, SEO-Poisoning & Low-Trust",Various DOSTOIVSKI,https://www.discogs.com/release/34149232-Various-DOSTOIVSKI
comp-thinning-veil-compilation,Thinning Veil Compilation,Compilation appearance,,Moving in Perpetual Slumber,2,canonical,494,ingrown.bandcamp.com,C,68,unverified,Music Compilations,,https://ingrown.bandcamp.com
comp-thinning-veil-compilation,Thinning Veil Compilation,Compilation appearance,,Moving in Perpetual Slumber,2,quarantine,615,discogs.com,D,38,unverified,"Spam, Scraper, Syndication, SEO-Poisoning & Low-Trust",Various Thinning Veil Compilation,https://www.discogs.com/release/35567218-Various-Thinning-Veil-Compilation
github-tools,OPEN-SOURCE INSTRUMENTS — the GitHub tool set,Software,2025,"Author of the released instruments, plugins and visualisers",8,canonical,81,github.com,A,89,verified,Official Properties & Channels,zazieproductions (Zazie Productions) | GitHub,https://github.com/zazieproductions
github-tools,OPEN-SOURCE INSTRUMENTS — the GitHub tool set,Software,2025,"Author of the released instruments, plugins and visualisers",8,canonical,82,github.com,A,89,verified,Official Properties & Channels,VOID//OCULUS | zazieproductions,https://github.com/zazieproductions/void-oculus
github-tools,OPEN-SOURCE INSTRUMENTS — the GitHub tool set,Software,2025,"Author of the released instruments, plugins and visualisers",8,canonical,94,github.com,A,87,verified,Official Properties & Channels,Contrapuntal Academic Nonsense Engine | zazieproductions,https://github.com/zazieproductions/Contrapuntal-Academic-Nonsense-Engine
github-tools,OPEN-SOURCE INSTRUMENTS — the GitHub tool set,Software,2025,"Author of the released instruments, plugins and visualisers",8,canonical,95,github.com,A,87,verified,Official Properties & Channels,SPECTRA//LAB (DSP Visualizer) | zazieproductions,https://github.com/zazieproductions/Spectra-DSP-Visualizer-Architecture
github-tools,OPEN-SOURCE INSTRUMENTS — the GitHub tool set,Software,2025,"Author of the released instruments, plugins and visualisers",8,canonical,96,github.com,A,87,verified,Official Properties & Channels,Interactive Harsh Noise Generator (NOISE WALL) | zazieproductions,https://github.com/zazieproductions/interactive-harsh-noise-generator
github-tools,OPEN-SOURCE INSTRUMENTS — the GitHub tool set,Software,2025,"Author of the released instruments, plugins and visualisers",8,canonical,97,github.com,A,87,verified,Official Properties & Channels,SPECTRA//LAB | zazieproductions,https://github.com/zazieproductions/spectra-lab
github-tools,OPEN-SOURCE INSTRUMENTS — the GitHub tool set,Software,2025,"Author of the released instruments, plugins and visualisers",8,canonical,206,github.com,B,79,verified,Official Properties & Channels,Conic-Vortex | zazieproductions,https://github.com/zazieproductions/Conic-Vortex
github-tools,OPEN-SOURCE INSTRUMENTS — the GitHub tool set,Software,2025,"Author of the released instruments, plugins and visualisers",8,canonical,247,github.com,C,77,verified,Official Properties & Channels,GitHub - zazieproductions/zazieproductions,https://github.com/zazieproductions/zazieproductions
pr-on-the-go,PR ON THE GO — expert-commentary articles,Press / commentary,2025,Quoted expert contributor across the platform’s article series,8,press,238,pronthego.com,A,78,unverified,Press & Editorial,Art PR: Expanding artistic reach through digital exhibitions — Named expert with extended quote,https://pronthego.com/pages/blog/art-PR-expanding-artistic-reach-through-digital-exhibitions
pr-on-the-go,PR ON THE GO — expert-commentary articles,Press / commentary,2025,Quoted expert contributor across the platform’s article series,8,press,239,pronthego.com,A,78,unverified,Press & Editorial,How film festivals can help a film attract media attention and get distribution deals Named expert with extended quote Subject: Film-festival publicity,https://pronthego.com/pages/blog/indie-film-PR-how-film-festivals-can-help-a-film-attract-media-attention-and-get-distribution-deals
pr-on-the-go,PR ON THE GO — expert-commentary articles,Press / commentary,2025,Quoted expert contributor across the platform’s article series,8,press,240,pronthego.com,A,78,unverified,Press & Editorial,Sights and Sounds - Aesthetic Identities of Indie Musicians Named expert / artist-curator quote Subject: Indie music aesthetics,https://pronthego.com/pages/blog/indie-music-PR-sights-and-sounds-aesthetic-identities-of-indie-musicians
pr-on-the-go,PR ON THE GO — expert-commentary articles,Press / commentary,2025,Quoted expert contributor across the platform’s article series,8,press,241,pronthego.com,A,78,unverified,Press & Editorial,"This is how rebellious, alternative fashion is making its way back into society",https://pronthego.com/pages/blog/this-is-how-rebellious-alternative-fashion-is-making-its-way-back-into-society
pr-on-the-go,PR ON THE GO — expert-commentary articles,Press / commentary,2025,Quoted expert contributor across the platform’s article series,8,press,242,pronthego.com,A,78,unverified,Press & Editorial,"When Algorithms Imitate Art: The Rise of Ghibli-Style AI and What It Means for Creators Named expert with direct quote Subject: AI, artistic ethics and imitation",https://pronthego.com/pages/blog/when-algorithms-imitate-art-the-rise-of-ghibli-style-ai-and-what-it-means-for-creators
pr-on-the-go,PR ON THE GO — expert-commentary articles,Press / commentary,2025,Quoted expert contributor across the platform’s article series,8,press,372,pronthego.com,B,75,verified,Press & Editorial,How film festivals can help a film attract media attention and get distribution deals,https://pronthego.com/pages/blog/how-film-festivals-can-help-a-film-attract-media-attention
pr-on-the-go,PR ON THE GO — expert-commentary articles,Press / commentary,2025,Quoted expert contributor across the platform’s article series,8,press,373,pronthego.com,B,75,verified,Press & Editorial,Sights and Sounds - Aesthetic Identities of Indie Musicians — Named expert / artist-curator quote,https://pronthego.com/pages/blog/sights-and-sounds-aesthetic-identities-of-indie-musicians
pr-on-the-go,PR ON THE GO — expert-commentary articles,Press / commentary,2025,Quoted expert contributor across the platform’s article series,8,press,555,pronthego.com,C,64,unverified,Press & Editorial,,https://pronthego.com/pages/blog/art-pr-expanding-artistic-reach-through-digital-exhibitions?amp=1|print=1
allpoetry-body,ALLPOETRY — published poems and member record,Poetry platform,2024,Published poet: six poems and the member profile they hang from,6,canonical,174,allpoetry.com,C,81,verified,Press & Editorial,,https://allpoetry.com/poem/17245444-The-Microbe--by-Zazie-Productions
allpoetry-body,ALLPOETRY — published poems and member record,Poetry platform,2024,Published poet: six poems and the member profile they hang from,6,canonical,175,allpoetry.com,C,81,verified,Press & Editorial,,https://allpoetry.com/poem/17245942-By-Daybreak-s-Dawn-by-Zazie-Productions
allpoetry-body,ALLPOETRY — published poems and member record,Poetry platform,2024,Published poet: six poems and the member profile they hang from,6,canonical,176,allpoetry.com,C,81,verified,Press & Editorial,,https://allpoetry.com/poem/18284408-3-Untitled-Micro-Haikus-by-Zazie-Productions
allpoetry-body,ALLPOETRY — published poems and member record,Poetry platform,2024,Published poet: six poems and the member profile they hang from,6,canonical,177,allpoetry.com,C,81,verified,Press & Editorial,,https://allpoetry.com/poem/18318896-Entry-00-%CE%B4-the-Spalled-Vestibule-or-Where-the-Bylaws-Go-to-Rot-by-Zazie-Productions
allpoetry-body,ALLPOETRY — published poems and member record,Poetry platform,2024,Published poet: six poems and the member profile they hang from,6,canonical,243,allpoetry.com,B,78,unverified,Profiles & Catalogs,,https://allpoetry.com/Zazie_Productions
allpoetry-body,ALLPOETRY — published poems and member record,Poetry platform,2024,Published poet: six poems and the member profile they hang from,6,canonical,262,allpoetry.com,C,77,unverified,Press & Editorial,,https://allpoetry.com/poem/17227437-Special-Edition--by-Zazie-Productions
flesh-eating-vinyl,FLESH EATING VINYL AND THE SMELL OF MONOCHROME — 2019 tour date,Live performance,2019,Performer on the 2019 tour date,4,reference,55,concertarchives.org,A,90,unverified,"Film, Festivals & Exhibitions",,https://www.concertarchives.org/concerts/flesh-eating-vinyl-and-the-smell-of-monochrome-tour-2019
flesh-eating-vinyl,FLESH EATING VINYL AND THE SMELL OF MONOCHROME — 2019 tour date,Live performance,2019,Performer on the 2019 tour date,4,reference,100,allevents.in,A,87,unverified,Press & Editorial,,https://allevents.in/mobile/amp-event.php?event_id=100001021724965877
flesh-eating-vinyl,FLESH EATING VINYL AND THE SMELL OF MONOCHROME — 2019 tour date,Live performance,2019,Performer on the 2019 tour date,4,reference,246,concertarchives.org,C,77,unverified,"Film, Festivals & Exhibitions",,https://www.concertarchives.org/concerts/flesh-eating-vinyl-and-the-smell-of-monochrome-tour2019
flesh-eating-vinyl,FLESH EATING VINYL AND THE SMELL OF MONOCHROME — 2019 tour date,Live performance,2019,Performer on the 2019 tour date,4,reference,381,allevents.in,C,74,unverified,Press & Editorial,,https://allevents.in/event/100001021724965877
red-ogre-review,RED OGRE REVIEW — December 2025 issue (33rd),Literary magazine,2025,Featured contributor: the issue carries the artist’s work with music credit “Sul Ponticello Dreaming”,4,canonical,60,ogre.red,B,90,verified,Publications & Recognition,Zazie Kanwar-Torge | Zazie Productions | Red Ogre Review,https://ogre.red/issues/2025-12/2025-12-kanwar-torge-zazie
red-ogre-review,RED OGRE REVIEW — December 2025 issue (33rd),Literary magazine,2025,Featured contributor: the issue carries the artist’s work with music credit “Sul Ponticello Dreaming”,4,canonical,83,ogre.red,B,89,verified,Press & Editorial,,https://ogre.red/issues/2025-12/2025-12-introduction
red-ogre-review,RED OGRE REVIEW — December 2025 issue (33rd),Literary magazine,2025,Featured contributor: the issue carries the artist’s work with music credit “Sul Ponticello Dreaming”,4,canonical,145,ogre.red,C,83,verified,Press & Editorial,,https://ogre.red/issues/2024-10/2024-10-introduction
red-ogre-review,RED OGRE REVIEW — December 2025 issue (33rd),Literary magazine,2025,Featured contributor: the issue carries the artist’s work with music credit “Sul Ponticello Dreaming”,4,canonical,230,ogre.red,C,78,unverified,Publications & Recognition,,https://ogre.red/press/anthologies/2025-anthology
are-you-really-awake,"“ARE YOU REALLY AWAKE?” — anthology (Aiden E. Messer, ed.)",Anthology,2025,Contributing story author,4,distribution,58,amazon.com,A,90,unverified,Publications & Recognition,Are you really awake? Named contributing story author Subject: Psychological-horror anthology,https://www.amazon.com/Are-really-awake-Aiden-Messer/dp/B0GSVBXBGS
are-you-really-awake,"“ARE YOU REALLY AWAKE?” — anthology (Aiden E. Messer, ed.)",Anthology,2025,Contributing story author,4,distribution,89,smashwords.com,A,88,unverified,Publications & Recognition,Are you really awake? — author/publisher catalog Named contributor in book description Subject: Psychological-horror anthology,https://www.smashwords.com/profile/view/Aiden_E.Messer890
are-you-really-awake,"“ARE YOU REALLY AWAKE?” — anthology (Aiden E. Messer, ed.)",Anthology,2025,Contributing story author,4,distribution,104,frauhofer.at,B,87,verified,Publications & Recognition,"Are you really awake? — ebook retail listing (Frauhofer, Austria)",https://www.frauhofer.at/item/79115498
are-you-really-awake,"“ARE YOU REALLY AWAKE?” — anthology (Aiden E. Messer, ed.)",Anthology,2025,Contributing story author,4,distribution,105,mightyape.co.nz,B,87,verified,Publications & Recognition,Are you really awake? — anthology retail listing (Mighty Ape NZ),https://www.mightyape.co.nz/mn/buy/mighty-ape-books-are-you-really-awake-9798233777622
pulitzer-center,PULITZER CENTER — Local Letters for Global Change finalist,Institutional recognition,2020,Contest finalist; published letter and author bio,3,canonical,1,pulitzercenter.org,A,100,unverified,Publications & Recognition,"Zazie Kanwar-Torge, Finalist, Local Letters for Global Change",https://pulitzercenter.org/zazie-kanwar-torge-finalist-local-letters-global-change
pulitzer-center,PULITZER CENTER — Local Letters for Global Change finalist,Institutional recognition,2020,Contest finalist; published letter and author bio,3,canonical,2,pulitzercenter.org,A,99,unverified,Publications & Recognition,Winners and Finalists: Local Letters for Global Change 2019 Named middle-school finalist,https://pulitzercenter.org/blog/winners-and-finalists-local-letters-global-change-2019
pulitzer-center,PULITZER CENTER — Local Letters for Global Change finalist,Institutional recognition,2020,Contest finalist; published letter and author bio,3,canonical,3,pulitzercenter.org,A,99,unverified,Publications & Recognition,Zazie Kanwar-Torge,https://pulitzercenter.org/winners-and-finalists-local-letters-global-change-2019
infinite-self-pavilion,INFINITE SELF PAVILION — The Wrong Biennale (2025–26),Exhibition / biennale,2025,Named artist with bio and work in the pavilion,3,reference,25,cyberneticfutures.com,A,93,unverified,"Film, Festivals & Exhibitions",The Artists — Infinite Self Pavilion Named artist with bio in group exhibition Subject: Infinite Self Pavilion,https://www.cyberneticfutures.com/infinite-self-pavilion/artistsbios
infinite-self-pavilion,INFINITE SELF PAVILION — The Wrong Biennale (2025–26),Exhibition / biennale,2025,Named artist with bio and work in the pavilion,3,reference,42,cyberneticfutures.com,B,92,verified,"Film, Festivals & Exhibitions",Infinite Self Pavilion | The Wrong Biennale Curator Dr Lila Moore,https://www.cyberneticfutures.com/infinite-self-pavilion
infinite-self-pavilion,INFINITE SELF PAVILION — The Wrong Biennale (2025–26),Exhibition / biennale,2025,Named artist with bio and work in the pavilion,3,reference,49,thewrong.org,B,91,verified,Press & Editorial,,https://thewrong.org/2025-26
ranger-magazine-4,RANGER MAGAZINE — Issue #4 “Frostbite Fantasia”,Literary magazine,2024,Published writer in the issue,3,canonical,24,rangermagazine.net,A,93,unverified,Press & Editorial,"Ranger Magazine — Issue #4, 2024 — Frostbite Fantasia — Named music contributor with dedicated page",https://www.rangermagazine.net/zazie_issue4
ranger-magazine-4,RANGER MAGAZINE — Issue #4 “Frostbite Fantasia”,Literary magazine,2024,Published writer in the issue,3,canonical,182,rangermagazine.net,C,80,unverified,Press & Editorial,,https://www.rangermagazine.net/issue4
ranger-magazine-4,RANGER MAGAZINE — Issue #4 “Frostbite Fantasia”,Literary magazine,2024,Published writer in the issue,3,canonical,208,rangermagazine.net,C,79,unverified,Press & Editorial,,https://www.rangermagazine.net/zazie_issue4?amp=1
squeaky-wheel,THE SQUEAKY WHEEL — satirical news bylines,Press / satire,2024,Bylined author of satirical news pieces,3,canonical,170,thesqueakywheel.org,C,82,partial,Press & Editorial,,https://thesqueakywheel.org/dissociation-support-group-to-hold-meeting-attendees-plan-to-show-up-in-spirit
squeaky-wheel,THE SQUEAKY WHEEL — satirical news bylines,Press / satire,2024,Bylined author of satirical news pieces,3,canonical,171,thesqueakywheel.org,C,82,partial,Press & Editorial,,https://thesqueakywheel.org/doctor-asks-man-who-has-been-in-coma-for-45-years-if-he-ever-considered-it-might-just-be-anxiety
squeaky-wheel,THE SQUEAKY WHEEL — satirical news bylines,Press / satire,2024,Bylined author of satirical news pieces,3,canonical,311,thesqueakywheel.org,C,75,verified,"Community, Wiki & Fan Indexes","zazieproductions, Author at The Squeaky Wheel",https://thesqueakywheel.org/author/zazieproductions
gumroad-store,GUMROAD — plugins and digital-goods storefront,Software / storefront,2025,Creator of the plugin vault and storefront,3,canonical,261,zazieproductions.gumroad.com,B,77,unverified,Official Properties & Channels,Q.*_ga_6LJN6D94N6*MTczODc5OTg3NS41LjEuMTczODgwNDQ1MS4wLjAuMA..,https://zazieproductions.gumroad.com/?_gl=1*n00hfe*_ga*MjA1NDM2MTg2LjE3Mzg3MjU3MzQ.*_ga_6LJN6D94N6*MTczODc5OTg3NS41LjEuMTczODgwNDQ1MS4wLjAuMA
gumroad-store,GUMROAD — plugins and digital-goods storefront,Software / storefront,2025,Creator of the plugin vault and storefront,3,canonical,281,zazieproductions.gumroad.com,C,76,verified,Official Properties & Channels,"World's Strangest Plug-in Mega-Vault: 200+ Banned, Cursed, and Unhinged VSTs",https://zazieproductions.gumroad.com/l/plugin
gumroad-store,GUMROAD — plugins and digital-goods storefront,Software / storefront,2025,Creator of the plugin vault and storefront,3,canonical,306,zazieproductions.gumroad.com,B,75,unverified,Profiles & Catalogs,PUBLICATION,https://zazieproductions.gumroad.com
los-valses-siderales,LOS VALSES SIDERALES — IAFR musique-concrète compilation,Compilation appearance,2025,"Contributing artist on the album, with two track pages",3,distribution,434,ifarmusiqueconcretecompilation.bandcamp.com,C,70,unverified,Music Compilations,,https://ifarmusiqueconcretecompilation.bandcamp.com/album/los-valses-siderales
los-valses-siderales,LOS VALSES SIDERALES — IAFR musique-concrète compilation,Compilation appearance,2025,"Contributing artist on the album, with two track pages",3,distribution,456,ifarmusiqueconcretecompilation.bandcamp.com,C,69,unverified,Music Compilations,Liquid Phosphorus,https://ifarmusiqueconcretecompilation.bandcamp.com/track/liquid-phosphorus
los-valses-siderales,LOS VALSES SIDERALES — IAFR musique-concrète compilation,Compilation appearance,2025,"Contributing artist on the album, with two track pages",3,distribution,457,ifarmusiqueconcretecompilation.bandcamp.com,C,69,unverified,Music Compilations,movimiento diez 'Oscillographia',https://ifarmusiqueconcretecompilation.bandcamp.com/track/movimiento-diez-oscillographia
stunning-that-you,“STUNNING THAT YOU…” — track across platforms,Release (own),2024,Composer and performer; lyricist,3,catalogue,552,lyrics.com,C,64,unverified,"Community, Wiki & Fan Indexes",,https://www.lyrics.com/lyric-lf/8858319/Zazie+Productions/Stunning+That+You'd+Care
stunning-that-you,“STUNNING THAT YOU…” — track across platforms,Release (own),2024,Composer and performer; lyricist,3,catalogue,563,lyrics.com,C,62,unverified,"Community, Wiki & Fan Indexes",,https://www.lyrics.com/lyric-lf/8858319/Zazie+Productions/Stunning+That+You%27d+Care
stunning-that-you,“STUNNING THAT YOU…” — track across platforms,Release (own),2024,Composer and performer; lyricist,3,catalogue,570,paroles-musique.com,B,61,unverified,Streaming & Music Platforms,,"https://www.paroles-musique.com/eng/Zazie-Productions-Stunning-That-You-d-Care-lyrics,p6370983"
limitless-magazine-feature,LIMITLESS MAGAZINE — “Forget ASMR” feature,Press feature,2026,Subject of the dedicated feature “Forget ASMR. Zazie Productions Will Rewire Your Whole Nervous System.”,2,canonical,7,limitless-magazine.com,A,98,verified,Press & Editorial,Forget ASMR. Zazie Productions Will Rewire Your Whole Nervous System — Album feature/review,https://limitless-magazine.com/forget-asmr-zazie-productions-will-rewire-your-whole-nervous-system
limitless-magazine-feature,LIMITLESS MAGAZINE — “Forget ASMR” feature,Press feature,2026,Subject of the dedicated feature “Forget ASMR. Zazie Productions Will Rewire Your Whole Nervous System.”,2,canonical,22,limitless-magazine.com,A,93,unverified,Press & Editorial,Forget ASMR. Zazie Productions Will Rewire Your Whole Nervous System Dedicated feature on the album and artist,https://limitless-magazine.com/2026/06/12/forget-asmr-zazie-productions-will-rewire-your-whole-nervous-system
grammy-weekly-profile,GRAMMY WEEKLY — “The Underground Polymath”,Press feature,2025,Subject of the profile feature,2,press,20,grammyweekly.com,A,93,unverified,Press & Editorial,Zazie Productions: The Underground Polymath Redefining Experimental Music — Dedicated artist profile,https://grammyweekly.com/zazie-productions-the-underground-polymath-redefining-experimental-music
grammy-weekly-profile,GRAMMY WEEKLY — “The Underground Polymath”,Press feature,2025,Subject of the profile feature,2,press,168,grammyweekly.com,C,82,unverified,Press & Editorial,“Zazie Productions”,https://grammyweekly.com
viral-nation-report,VIRAL NATION — creator-economy report quote,Industry report,2025,Quoted creator and founder in the industry report,2,press,29,viralnation.com,A,93,unverified,Press & Editorial,What Creators Really Want From Brands In 2025 (And What They’ll Expect In 2026) Quoted creator and founder in industry report,https://www.viralnation.com/resources/blog/what-creators-want-from-brands
viral-nation-report,VIRAL NATION — creator-economy report quote,Industry report,2025,Quoted creator and founder in the industry report,2,press,53,viralnation.com,B,91,verified,Press & Editorial,What Creators Really Want From Brands In 2025 (And What They’ll Expect In 2026) — Quoted creator & founder,https://www.viralnation.com/blog/what-creators-really-want-from-brands-in-2025
rock-culture-feature,ROCK CULTURE (ES) — coverage,Press feature,2026,Featured artist in the Spanish rock outlet,2,press,41,rockculture.es,A,92,unverified,Press & Editorial,ado-electric-fury-all-around-pisces-zazie-productions-rip-gerber/,https://www.rockculture.es/noticias-kaenn-odd-marauder-geoff-carne-uniporn-tom-relling-al-contado-electric-fury-all-around-pisces-zazie-productions-rip-gerber
rock-culture-feature,ROCK CULTURE (ES) — coverage,Press feature,2026,Featured artist in the Spanish rock outlet,2,press,180,rockculture.es,C,81,unverified,Press & Editorial,“Zazie Productions”,https://www.rockculture.es/noticias--zazie-productions-
ripples-exhibition,RIPPLES — New Media Art Space exhibition,Exhibition,2024,Exhibiting artist: “Sepsis” and the exhibition programme the compilation track featured in,2,canonical,45,newmediartspace.info,A,91,unverified,"Film, Festivals & Exhibitions","Sepsis — Ripples Dedicated exhibition page, video, project statement and artist bio",https://newmediartspace.info/exhibitions/2024_ripples/sepsis.html
ripples-exhibition,RIPPLES — New Media Art Space exhibition,Exhibition,2024,Exhibiting artist: “Sepsis” and the exhibition programme the compilation track featured in,2,canonical,50,newmediartspace.info,A,91,unverified,"Film, Festivals & Exhibitions",Warm Music For Cold Weather: For The Muscular Dystrophy Association,https://newmediartspace.info/exhibitions/2024_ripples
manic-world-magazine,MANIC WORLD MAGAZINE — profile and work page,Press feature,2026,Featured artist: profile plus the work “The Hour Collapses Inward”,2,canonical,57,manicworldmagazine.com,B,90,verified,Press & Editorial,Zazie Kanwar-Torge - The Hour Collapses Inward | Manic World Magazine,https://manicworldmagazine.com/zazie-kanwar-torge-the-hour-collapses-inward
manic-world-magazine,MANIC WORLD MAGAZINE — profile and work page,Press feature,2026,Featured artist: profile plus the work “The Hour Collapses Inward”,2,canonical,109,manicworldmagazine.com,B,86,verified,Press & Editorial,Zazie Kanwar-Torge | Manic World Magazine,https://manicworldmagazine.com/zazie-kanwar-torge
hackaday-photon-flux,PHOTON FLUX ANALYZER v2 — Hackaday.io hardware project,Hardware project,2025,Designer and author of the reverse-bias LED sensor project,2,canonical,132,hackaday.io,B,84,verified,Official Properties & Channels,Photon Flux Analyzer v2 — Reverse-Bias LED Sensor | Hackaday.io,https://hackaday.io/project/204427-photon-flux-analyzer-v2-reverse-bias-led-sensor
hackaday-photon-flux,PHOTON FLUX ANALYZER v2 — Hackaday.io hardware project,Hardware project,2025,Designer and author of the reverse-bias LED sensor project,2,canonical,163,hackaday.io,B,82,unverified,Profiles & Catalogs,Zazie Kanwar-Torge's Profile Hardware/audio developer bio and two projects Subject: Audio tech and hardware,https://hackaday.io/ZazieProductions
sellotape,SELLOTAPE (Super Deluxe Edition) — release,Release (own),2026,Composer and performer; released April 2026 as a 22-track expanded edition,2,credit,253,zazieproductions.bandcamp.com,B,77,unverified,Official Properties & Channels,Sellotape Super Deluxe Edition,https://zazieproductions.bandcamp.com/album/sellotape-super-deluxe-edition
sellotape,SELLOTAPE (Super Deluxe Edition) — release,Release (own),2026,Composer and performer; released April 2026 as a 22-track expanded edition,2,credit,273,zazieproductions.bandcamp.com,B,76,unverified,Official Properties & Channels,Sellotape,https://zazieproductions.bandcamp.com/album/sellotape
greetings-tinsel-time,GREETINGS FROM TINSEL TIME — release and super-deluxe edition,Release (own),2025,Composer and performer,2,credit,270,zazieproductions.bandcamp.com,B,76,unverified,Official Properties & Channels,Greetings From Tinsel Time,https://zazieproductions.bandcamp.com/album/greetings-from-tinsel-time
greetings-tinsel-time,GREETINGS FROM TINSEL TIME — release and super-deluxe edition,Release (own),2025,Composer and performer,2,credit,271,zazieproductions.bandcamp.com,B,76,unverified,Official Properties & Channels,Greetings From Tinsel Time Super Deluxe Edition,https://zazieproductions.bandcamp.com/album/greetings-from-tinsel-time-super-deluxe-edition
stutter-to-stammer,STUTTER TO STAMMER — release and super-deluxe edition,Release (own),2025,Composer and performer,2,credit,275,zazieproductions.bandcamp.com,B,76,unverified,Official Properties & Channels,Stutter To Stammer,https://zazieproductions.bandcamp.com/album/stutter-to-stammer
stutter-to-stammer,STUTTER TO STAMMER — release and super-deluxe edition,Release (own),2025,Composer and performer,2,credit,276,zazieproductions.bandcamp.com,B,76,unverified,Official Properties & Channels,Stutter To Stammer Super Deluxe Edition,https://zazieproductions.bandcamp.com/album/stutter-to-stammer-super-deluxe-edition
sequencer-party,SEQUENCER.PARTY — community project and profile,Software / community,2025,Creator of the published sequencer project and member profile,2,reference,541,sequencer.party,C,66,verified,"Community, Wiki & Fan Indexes",ZazieProductions's project | Sequencer.party,https://sequencer.party/projects/327
sequencer-party,SEQUENCER.PARTY — community project and profile,Software / community,2025,Creator of the published sequencer project and member profile,2,reference,542,sequencer.party,C,66,verified,"Community, Wiki & Fan Indexes",ZazieProductions | Sequencer.party,https://sequencer.party/users/175
in-your-eyes-zine,IN YOUR EYES E-ZINE — feature and mirror,Zine,2025,Featured artist in the e-zine,2,reference,564,gms.purwana.net,C,62,unverified,"Community, Wiki & Fan Indexes",In Your Eyes E-Zine,https://gms.purwana.net/?devid=zazieproductions
in-your-eyes-zine,IN YOUR EYES E-ZINE — feature and mirror,Zine,2025,Featured artist in the e-zine,2,reference,603,app.notion.com,C,52,unverified,"Community, Wiki & Fan Indexes",,https://app.notion.com/p/In-Your-Eyes-E-Zine-19989e259c3c8057bf81d66c6ab9903c?pvs=21
apple-security-credit,APPLE — web-server security acknowledgement (August 2025),Security credit,2025,Credited security reporter in Apple’s published acknowledgement list,1,distribution,6,support.apple.com,A,98,unverified,Publications & Recognition,Apple web server security acknowledgements — August 2025 Credited security reporter,https://support.apple.com/en-us/102774
billboard-wire-feature,BILLBOARD WIRE — June 12 feature,Press feature,2026,Subject of the feature on the path from underground experimental music into psychological-horror composition,1,canonical,8,billboardwire.com,A,97,unverified,Press & Editorial,How an Underground Experimental Musician Became a Go-To Composer for Psychological Horror,https://billboardwire.com/how-an-underground-experimental-musician-became-a-go-to-composer-for-psychological-horror
thresholds-anthology,THRESHOLDS — A Micro-Fiction Anthology,Anthology,2024,Contributing author,1,distribution,23,lulu.com,A,93,verified,Press & Editorial,,https://www.lulu.com/shop/som/thresholds-a-micro-fiction-anthology/paperback/product-nvmmywe.html
flash-of-the-dead,FLASH OF THE DEAD: HALLOWEEN ’25 — Wicked Shadow Press anthology,Anthology,2025,Contributing author,1,distribution,106,store.pothi.com,B,87,verified,Publications & Recognition,Flash of the Dead: Halloween ’25 — horror anthology (Wicked Shadow Press),https://store.pothi.com/book/ebook-parth-sarathi-chakraborty-editor-flash-dead-halloween-25
unwashed-miscreant,UNWASHED MISCREANT — collaboration,Collaboration,2025,Co-writer and featured collaborator on the single “Can’t Get My Eyes Off You (123)”,1,reference,102,indieam.com.mx,A,87,unverified,Press & Editorial,Reseña: Zazie Productions y Unwashed Miscreant rompen esquemas con ‘Can’t Get My Eyes Off You (123)’,https://indieam.com.mx/2025/02/08/resena-zazie-productions-y-unwashed-miscreant-rompen-esquemas-con-cant-get-my-eyes-off-you-123
unholy-anatomy,UNHOLY ANATOMY — 200+ body-horror SFX,Release (SFX pack),2026,Author of the published SFX pack,1,credit,217,zazieproductions.itch.io,B,79,verified,Official Properties & Channels,UNHOLY ANATOMY - 200+ Body Horror SFX by Zazie Productions,https://zazieproductions.itch.io/unholyanatomy
they-came-for-the-whales,THEY CAME FOR THE WHALES — Camembert Électrique 2026,Compilation appearance,2026,Track “Subduction Choir”,1,catalogue,231,discogs.com,C,78,verified,Music Compilations,Various – They Came For The Whales (Camembert Électrique 2026),https://www.discogs.com/release/38112006-Various-They-Came-For-The-Whales
i-love-everything-about-you,“I LOVE EVERYTHING ABOUT YOU” (feat. Zazie Productions),Featured credit,2025,Featured-artist credit on the track,1,catalogue,228,rateyourmusic.com,B,78,unverified,Profiles & Catalogs,PUBLICATION,https://rateyourmusic.com/song/zazie-productions/i-love-everything-about-you
distant-bells,DISTANT BELLS FOR SURGICAL MINDS,Release (own),2024,Composer and performer,1,credit,260,zazieproductions.bandcamp.com,B,77,unverified,Official Properties & Channels,Distant Bells For Surgical Minds,https://zazieproductions.bandcamp.com/album/distant-bells-for-surgical-minds
long-way-nowhere,A LONG WAY TO NOWHERE,Release (own),2024,Composer and performer,1,credit,266,zazieproductions.bandcamp.com,B,76,unverified,Official Properties & Channels,A Long Way To Nowhere,https://zazieproductions.bandcamp.com/album/a-long-way-to-nowhere
anesthesia-signal-age,ANESTHESIA FOR THE SIGNAL AGE — full-length album,Release (own),2026,Composer and performer; 10-track album released May 2026,1,credit,267,zazieproductions.bandcamp.com,B,76,unverified,Official Properties & Channels,Anesthesia For The Signal Age,https://zazieproductions.bandcamp.com/album/anesthesia-for-the-signal-age
electric-day,ANYTHING CAN HAPPEN ON AN ELECTRIC DAY,Release (own),2024,Composer and performer,1,credit,268,zazieproductions.bandcamp.com,B,76,unverified,Official Properties & Channels,Anything Can Happen On An Electric Day,https://zazieproductions.bandcamp.com/album/anything-can-happen-on-an-electric-day
g7e-torpedo,G7E TORPEDO,Release (own),2024,Composer and performer,1,credit,269,zazieproductions.bandcamp.com,B,76,unverified,Official Properties & Channels,G7E Torpedo,https://zazieproductions.bandcamp.com/album/g7e-torpedo
interference-archive,INTERFERENCE ARCHIVE 01010101,Release (own),2024,Composer and performer,1,credit,272,zazieproductions.bandcamp.com,B,76,unverified,Official Properties & Channels,Interference Archive 01010101,https://zazieproductions.bandcamp.com/album/interference-archive-01010101
miraculously-unhurt,MIRACULOUSLY UNHURT,Release (own),2025,Composer and performer,1,credit,279,zazieproductions.bandcamp.com,B,76,unverified,Official Properties & Channels,Miraculously Unhurt,https://zazieproductions.bandcamp.com/track/miraculously-unhurt
opaline-lament,OPALINE LAMENT / LIFE FROM THE BEYOND 2,Release (own),2025,Composer and performer,1,credit,280,zazieproductions.bandcamp.com,B,76,unverified,Official Properties & Channels,Opaline Lament Life From The Beyond 2,https://zazieproductions.bandcamp.com/track/opaline-lament-life-from-the-beyond-2
spectral-ode-2,SPECTRAL ODE TO SYNESTHESIA 2,Release (own),2025,Composer and performer,1,credit,274,zazieproductions.bandcamp.com,B,76,unverified,Official Properties & Channels,Spectral Ode To Synesthesia 2,https://zazieproductions.bandcamp.com/album/spectral-ode-to-synesthesia-2
vermiform,VERMIFORM,Release (own),2025,Composer and performer,1,credit,278,zazieproductions.bandcamp.com,B,76,unverified,Official Properties & Channels,Vermiform,https://zazieproductions.bandcamp.com/album/vermiform
mike-has-a-visitor,“MIKE HAS A VISITOR” — short-film score (Marco Saikaley),Film score,2025,Composer — “Score by Zazie Kanwar-Torge A.K.A. Zazie Productions”,1,reference,265,stage32.com,B,76,verified,Video Mirror / Backlink Sites,Mike has a visitor - a sleep paralysis horror short film | Zazie Kanwar-Torge,https://www.stage32.com/media/3838211664293930413
fault-codes,FAULT CODES — 25+ minimal error beeps & system warning SFX,Release (SFX pack),2026,Author of the published SFX pack,1,credit,306,zazieproductions.gumroad.com,B,75,unverified,Profiles & Catalogs,PUBLICATION,https://zazieproductions.gumroad.com
low-pressure-systems,LOW PRESSURE SYSTEMS — “Isochamber Drift”,Release (own),2026,Composer and performer; released through Camembert Électrique,1,distribution,455,camembertelectrique.bandcamp.com,C,69,unverified,Music Compilations,Isochamber Drift,https://camembertelectrique.bandcamp.com/track/isochamber-drift
